Time,level (cm),flow (l/h)
26-02-2026 08:11,0.65,0
26-02-2026 08:11,0.662,0
26-02-2026 08:11,0.677,0
26-02-2026 08:11,0.654,0
26-02-2026 08:11,0.647,0
26-02-2026 08:11,0.658,0
26-02-2026 08:11,0.703,0.075
26-02-2026 08:11,0.669,0.0375
26-02-2026 08:11,0.673,0
26-02-2026 08:11,0.692,0
26-02-2026 08:11,0.729,0
26-02-2026 08:11,0.658,0.0375
26-02-2026 08:11,0.65,0.0375
26-02-2026 08:11,0.654,0
26-02-2026 08:12,0.665,0.0375
26-02-2026 08:12,0.643,0.113
26-02-2026 08:12,0.662,0
26-02-2026 08:12,0.665,0.075
26-02-2026 08:12,0.643,0.075
26-02-2026 08:12,0.65,0
26-02-2026 08:12,0.695,0
26-02-2026 08:12,0.658,0.15
26-02-2026 08:12,0.677,0
26-02-2026 08:12,0.718,0
26-02-2026 08:12,0.711,0
26-02-2026 08:12,0.714,0
26-02-2026 08:12,0.718,0
26-02-2026 08:12,0.707,0
26-02-2026 08:12,0.711,0.075
26-02-2026 08:12,0.714,0.0375
26-02-2026 08:12,0.665,0
26-02-2026 08:12,0.658,0
26-02-2026 08:12,0.673,0
26-02-2026 08:12,0.68,0.0375
26-02-2026 08:12,0.718,0.0375
26-02-2026 08:12,0.68,0.0375
26-02-2026 08:12,0.692,0
26-02-2026 08:12,0.654,0.0375
26-02-2026 08:12,0.658,0
26-02-2026 08:12,0.662,0
26-02-2026 08:12,0.647,0
26-02-2026 08:12,0.714,0
26-02-2026 08:12,0.654,0.075
26-02-2026 08:12,0.68,0
26-02-2026 08:12,0.692,0
26-02-2026 08:12,0.665,0
26-02-2026 08:12,0.677,0
26-02-2026 08:12,0.669,0.113
26-02-2026 08:12,0.68,0
26-02-2026 08:12,0.714,0
26-02-2026 08:12,0.654,0.0375
26-02-2026 08:12,0.665,0
26-02-2026 08:12,0.65,0
26-02-2026 08:12,0.711,0
26-02-2026 08:12,0.673,0
26-02-2026 08:12,0.654,0.075
26-02-2026 08:12,0.665,0
26-02-2026 08:12,0.662,0.075
26-02-2026 08:12,0.718,0
26-02-2026 08:12,0.775,0.0375
26-02-2026 08:12,0.722,0
26-02-2026 08:12,0.711,0.075
26-02-2026 08:12,0.665,0
26-02-2026 08:12,0.662,0
26-02-2026 08:12,0.673,0.113
26-02-2026 08:12,0.65,0.0375
26-02-2026 08:12,0.756,0
26-02-2026 08:12,0.703,0.0375
26-02-2026 08:12,0.669,0
26-02-2026 08:12,0.65,0
26-02-2026 08:12,0.677,0.0375
26-02-2026 08:12,0.669,0.0375
26-02-2026 08:12,0.665,0
26-02-2026 08:13,0.707,0.075
26-02-2026 08:13,0.699,0
26-02-2026 08:13,0.688,0
26-02-2026 08:13,0.654,0
26-02-2026 08:13,0.662,0
26-02-2026 08:13,0.692,0
26-02-2026 08:13,0.703,0.0375
26-02-2026 08:13,0.673,0
26-02-2026 08:13,0.665,0.0375
26-02-2026 08:13,0.662,0
26-02-2026 08:13,0.662,0
26-02-2026 08:13,0.665,0
26-02-2026 08:13,0.714,0.0375
26-02-2026 08:13,0.658,0.0375
26-02-2026 08:13,0.688,0.0375
26-02-2026 08:13,0.673,0
26-02-2026 08:13,0.662,0.0375
26-02-2026 08:13,0.669,0
26-02-2026 08:13,0.665,0.0375
26-02-2026 08:13,0.665,0.113
26-02-2026 08:13,0.662,0
26-02-2026 08:13,0.665,0.0375
26-02-2026 08:13,0.714,0.0375
26-02-2026 08:13,0.673,0.15
26-02-2026 08:13,0.662,0
26-02-2026 08:13,0.647,0.0375
26-02-2026 08:13,0.582,0
26-02-2026 08:13,0.669,0
26-02-2026 08:13,0.665,0
26-02-2026 08:13,0.639,0
26-02-2026 08:13,0.662,0
26-02-2026 08:13,0.669,0
26-02-2026 08:13,0.624,0
26-02-2026 08:13,0.571,0
26-02-2026 08:13,0.616,0.113
26-02-2026 08:13,0.598,0
26-02-2026 08:13,0.707,0
26-02-2026 08:13,0.665,0
26-02-2026 08:13,0.669,0
26-02-2026 08:13,0.609,0
26-02-2026 08:13,0.662,0
26-02-2026 08:13,0.65,0
26-02-2026 08:13,0.729,0
26-02-2026 08:13,0.601,0
26-02-2026 08:13,0.658,0
26-02-2026 08:13,0.669,0
26-02-2026 08:13,0.673,0
26-02-2026 08:13,0.662,0
26-02-2026 08:13,0.635,0
26-02-2026 08:13,0.65,0
26-02-2026 08:13,0.654,0.0375
26-02-2026 08:13,0.665,0
26-02-2026 08:13,0.654,0
26-02-2026 08:13,0.677,0.0375
26-02-2026 08:13,0.65,0.113
26-02-2026 08:13,0.639,0
26-02-2026 08:13,0.647,0.113
26-02-2026 08:13,0.669,0.113
26-02-2026 08:13,0.658,0
26-02-2026 08:14,0.677,0
26-02-2026 08:14,0.703,0
26-02-2026 08:14,0.662,0.0375
26-02-2026 08:14,0.662,0
26-02-2026 08:14,0.722,0.0375
26-02-2026 08:14,0.778,0
26-02-2026 08:14,0.662,0
26-02-2026 08:14,0.65,0
26-02-2026 08:14,0.598,0
26-02-2026 08:14,0.658,0.0375
26-02-2026 08:14,0.748,0
26-02-2026 08:14,0.639,0.075
26-02-2026 08:14,0.643,0.0375
26-02-2026 08:14,0.665,0.075
26-02-2026 08:14,0.68,0
26-02-2026 08:14,0.741,0.0375
26-02-2026 08:14,0.677,0
26-02-2026 08:14,0.662,0.0375
26-02-2026 08:14,0.654,0
26-02-2026 08:14,0.707,0
26-02-2026 08:14,0.65,0
26-02-2026 08:14,0.65,0
26-02-2026 08:14,0.718,0
26-02-2026 08:14,0.688,0.075
26-02-2026 08:14,0.673,0.0375
26-02-2026 08:14,0.711,0
26-02-2026 08:14,0.711,0.188
26-02-2026 08:14,0.688,0.0375
26-02-2026 08:14,0.722,0.075
26-02-2026 08:14,0.707,0.0375
26-02-2026 08:14,0.707,0
26-02-2026 08:14,0.722,0
26-02-2026 08:14,0.699,0
26-02-2026 08:14,0.707,0.0375
26-02-2026 08:14,0.722,0
26-02-2026 08:14,0.654,0
26-02-2026 08:14,0.692,0
26-02-2026 08:14,0.711,0.0375
26-02-2026 08:14,0.718,0.0375
26-02-2026 08:14,0.718,0
26-02-2026 08:14,0.665,0
26-02-2026 08:14,0.729,0
26-02-2026 08:14,0.703,0
26-02-2026 08:14,0.643,0
26-02-2026 08:14,0.692,0
26-02-2026 08:14,0.699,0
26-02-2026 08:14,0.647,0
26-02-2026 08:14,0.699,0
26-02-2026 08:14,0.729,0
26-02-2026 08:14,0.662,0
26-02-2026 08:14,0.677,0
26-02-2026 08:14,0.654,0.075
26-02-2026 08:14,0.635,0
26-02-2026 08:14,0.703,0.075
26-02-2026 08:14,0.711,0
26-02-2026 08:14,0.707,0.0375
26-02-2026 08:14,0.669,0
26-02-2026 08:14,0.695,0
26-02-2026 08:15,0.654,0.075
26-02-2026 08:15,0.752,0
26-02-2026 08:15,0.729,0
26-02-2026 08:15,0.711,0.113
26-02-2026 08:15,0.631,0
26-02-2026 08:15,0.654,0
26-02-2026 08:15,0.722,0
26-02-2026 08:15,0.711,0
26-02-2026 08:15,0.662,0
26-02-2026 08:15,0.699,0
26-02-2026 08:15,0.654,0
26-02-2026 08:15,0.673,0
26-02-2026 08:15,0.662,0
26-02-2026 08:15,0.711,0
26-02-2026 08:15,0.654,0
26-02-2026 08:15,0.726,0
26-02-2026 08:15,0.699,0
26-02-2026 08:15,0.631,0.15
26-02-2026 08:15,0.677,0
26-02-2026 08:15,0.692,0
26-02-2026 08:15,0.782,0
26-02-2026 08:15,0.733,0
26-02-2026 08:15,0.771,0.075
26-02-2026 08:15,0.722,0
26-02-2026 08:15,0.778,0.075
26-02-2026 08:15,0.703,0
26-02-2026 08:15,0.714,0
26-02-2026 08:15,0.722,0.0375
26-02-2026 08:15,0.695,0
26-02-2026 08:15,0.752,0
26-02-2026 08:15,0.703,0
26-02-2026 08:15,0.714,0.188
26-02-2026 08:15,0.695,0
26-02-2026 08:15,0.692,0.075
26-02-2026 08:15,0.662,0
26-02-2026 08:15,0.669,0
26-02-2026 08:15,0.635,0.0375
26-02-2026 08:15,0.692,0
26-02-2026 08:15,0.752,0
26-02-2026 08:15,0.703,0
26-02-2026 08:15,0.767,0
26-02-2026 08:15,0.718,0.075
26-02-2026 08:15,0.639,0.0375
26-02-2026 08:15,0.654,0
26-02-2026 08:15,0.658,0
26-02-2026 08:15,0.756,0
26-02-2026 08:15,0.771,0
26-02-2026 08:15,0.741,0
26-02-2026 08:15,0.707,0
26-02-2026 08:15,0.711,0.113
26-02-2026 08:15,0.695,0.0375
26-02-2026 08:15,0.647,0
26-02-2026 08:15,0.726,0
26-02-2026 08:15,0.763,0
26-02-2026 08:15,0.733,0.0375
26-02-2026 08:15,0.782,0
26-02-2026 08:15,0.699,0.075
26-02-2026 08:15,0.711,0
26-02-2026 08:15,0.673,0
26-02-2026 08:16,0.744,0
26-02-2026 08:16,0.699,0
26-02-2026 08:16,0.782,0
26-02-2026 08:16,0.692,0
26-02-2026 08:16,0.654,0.075
26-02-2026 08:16,0.722,0
26-02-2026 08:16,0.688,0
26-02-2026 08:16,0.707,0
26-02-2026 08:16,0.726,0
26-02-2026 08:16,0.714,0.113
26-02-2026 08:16,0.673,0.0375
26-02-2026 08:16,0.775,0
26-02-2026 08:16,0.722,0.0375
26-02-2026 08:16,0.778,0
26-02-2026 08:16,0.775,0.0375
26-02-2026 08:16,0.812,0
26-02-2026 08:16,0.786,0.0375
26-02-2026 08:16,0.707,0
26-02-2026 08:16,0.812,0
26-02-2026 08:16,0.778,0.0375
26-02-2026 08:16,0.763,0
26-02-2026 08:16,0.695,0
26-02-2026 08:16,0.744,0
26-02-2026 08:16,0.707,0
26-02-2026 08:16,0.695,0
26-02-2026 08:16,0.658,0.0375
26-02-2026 08:16,0.722,0
26-02-2026 08:16,0.771,0
26-02-2026 08:16,0.714,0.0375
26-02-2026 08:16,0.767,0.0375
26-02-2026 08:16,0.729,0
26-02-2026 08:16,0.741,0
26-02-2026 08:16,0.733,0
26-02-2026 08:16,0.767,0
26-02-2026 08:16,0.677,0
26-02-2026 08:16,0.692,0
26-02-2026 08:16,0.707,0
26-02-2026 08:16,0.763,0
26-02-2026 08:16,0.767,0
26-02-2026 08:16,0.658,0
26-02-2026 08:16,0.756,0
26-02-2026 08:16,0.707,0
26-02-2026 08:16,0.711,0
26-02-2026 08:16,0.729,0
26-02-2026 08:16,0.643,0
26-02-2026 08:16,0.65,0.15
26-02-2026 08:16,0.718,0.075
26-02-2026 08:16,0.647,0
26-02-2026 08:16,0.658,0.113
26-02-2026 08:16,0.654,0
26-02-2026 08:16,0.703,0
26-02-2026 08:16,0.711,0
26-02-2026 08:16,0.711,0
26-02-2026 08:16,0.669,0.113
26-02-2026 08:16,0.692,0
26-02-2026 08:16,0.658,0
26-02-2026 08:16,0.711,0.15
26-02-2026 08:16,0.643,0
26-02-2026 08:16,0.643,0
26-02-2026 08:17,0.748,0.0375
26-02-2026 08:17,0.684,0.0375
26-02-2026 08:17,0.654,0
26-02-2026 08:17,0.722,0
26-02-2026 08:17,0.665,0
26-02-2026 08:17,0.65,0
26-02-2026 08:17,0.729,0.0375
26-02-2026 08:17,0.665,0
26-02-2026 08:17,0.726,0.15
26-02-2026 08:17,0.692,0
26-02-2026 08:17,0.647,0.113
26-02-2026 08:17,0.726,0
26-02-2026 08:17,0.673,0
26-02-2026 08:17,0.643,0
26-02-2026 08:17,0.695,0
26-02-2026 08:17,0.711,0.075
26-02-2026 08:17,0.703,0
26-02-2026 08:17,0.759,0.113
26-02-2026 08:17,0.718,0.113
26-02-2026 08:17,0.707,0.113
26-02-2026 08:17,0.711,0
26-02-2026 08:17,0.688,0.113
26-02-2026 08:17,0.752,0
26-02-2026 08:17,0.775,0.0375
26-02-2026 08:17,0.639,0.075
26-02-2026 08:17,0.771,0
26-02-2026 08:17,0.718,0
26-02-2026 08:17,0.654,0
26-02-2026 08:17,0.737,0.075
26-02-2026 08:17,0.812,0
26-02-2026 08:17,0.771,0
26-02-2026 08:17,0.726,0
26-02-2026 08:17,0.722,0.0375
26-02-2026 08:17,0.714,0
26-02-2026 08:17,0.726,0
26-02-2026 08:17,0.752,0.0375
26-02-2026 08:17,0.647,0
26-02-2026 08:17,0.665,0
26-02-2026 08:17,0.65,0
26-02-2026 08:17,0.714,0
26-02-2026 08:17,0.767,0
26-02-2026 08:17,0.767,0
26-02-2026 08:17,0.692,0.0375
26-02-2026 08:17,0.812,0
26-02-2026 08:17,0.707,0
26-02-2026 08:17,0.797,0
26-02-2026 08:17,0.711,0
26-02-2026 08:17,0.771,0
26-02-2026 08:17,0.775,0
26-02-2026 08:17,0.782,0.0375
26-02-2026 08:17,0.756,0
26-02-2026 08:17,0.714,0.0375
26-02-2026 08:17,0.688,0.113
26-02-2026 08:17,0.79,0.0375
26-02-2026 08:17,0.763,0
26-02-2026 08:17,0.801,0
26-02-2026 08:17,0.665,0.075
26-02-2026 08:17,0.771,0
26-02-2026 08:17,0.658,0
26-02-2026 08:18,0.658,0
26-02-2026 08:18,0.669,0
26-02-2026 08:18,0.647,0.0375
26-02-2026 08:18,0.722,0.075
26-02-2026 08:18,0.722,0.0375
26-02-2026 08:18,0.707,0
26-02-2026 08:18,0.695,0
26-02-2026 08:18,0.756,0.075
26-02-2026 08:18,0.752,0
26-02-2026 08:18,0.699,0
26-02-2026 08:18,0.786,0
26-02-2026 08:18,0.737,0
26-02-2026 08:18,0.711,0
26-02-2026 08:18,0.812,0
26-02-2026 08:18,0.707,0
26-02-2026 08:18,0.662,0
26-02-2026 08:18,0.643,0
26-02-2026 08:18,0.763,0
26-02-2026 08:18,0.782,0.0375
26-02-2026 08:18,0.744,0
26-02-2026 08:18,0.692,0.075
26-02-2026 08:18,0.775,0
26-02-2026 08:18,0.707,0
26-02-2026 08:18,0.695,0
26-02-2026 08:18,0.711,0.0375
26-02-2026 08:18,0.726,0.113
26-02-2026 08:18,0.688,0
26-02-2026 08:18,0.714,0
26-02-2026 08:18,0.677,0
26-02-2026 08:18,0.695,0.075
26-02-2026 08:18,0.654,0.0375
26-02-2026 08:18,0.665,0.0375
26-02-2026 08:18,0.654,0.0375
26-02-2026 08:18,0.658,0
26-02-2026 08:18,0.677,0
26-02-2026 08:18,0.692,0
26-02-2026 08:18,0.711,0
26-02-2026 08:18,0.643,0
26-02-2026 08:18,0.65,0
26-02-2026 08:18,0.654,0
26-02-2026 08:18,0.718,0
26-02-2026 08:18,0.631,0.0375
26-02-2026 08:18,0.662,0
26-02-2026 08:18,0.662,0
26-02-2026 08:18,0.639,0
26-02-2026 08:18,0.654,0
26-02-2026 08:18,0.673,0
26-02-2026 08:18,0.654,0
26-02-2026 08:18,0.669,0
26-02-2026 08:18,0.692,0
26-02-2026 08:18,0.699,0
26-02-2026 08:18,0.658,0.075
26-02-2026 08:18,0.714,0.0375
26-02-2026 08:18,0.662,0.15
26-02-2026 08:18,0.669,0
26-02-2026 08:18,0.65,0
26-02-2026 08:18,0.662,0
26-02-2026 08:18,0.65,0
26-02-2026 08:19,0.65,0
26-02-2026 08:19,0.703,0
26-02-2026 08:19,0.654,0
26-02-2026 08:19,0.775,0
26-02-2026 08:19,0.748,0
26-02-2026 08:19,0.662,0
26-02-2026 08:19,0.692,0.0375
26-02-2026 08:19,0.658,0
26-02-2026 08:19,0.65,0
26-02-2026 08:19,0.714,0.0375
26-02-2026 08:19,0.733,0
26-02-2026 08:19,0.677,0.0375
26-02-2026 08:19,0.65,0
26-02-2026 08:19,0.729,0
26-02-2026 08:19,0.639,0
26-02-2026 08:19,0.692,0
26-02-2026 08:19,0.658,0
26-02-2026 08:19,0.692,0
26-02-2026 08:19,0.707,0.0375
26-02-2026 08:19,0.665,0
26-02-2026 08:19,0.688,0
26-02-2026 08:19,0.688,0
26-02-2026 08:19,0.711,0
26-02-2026 08:19,0.665,0
26-02-2026 08:19,0.707,0
26-02-2026 08:19,0.718,0
26-02-2026 08:19,0.741,0
26-02-2026 08:19,0.729,0
26-02-2026 08:19,0.729,0.0375
26-02-2026 08:19,0.662,0
26-02-2026 08:19,0.703,0.0375
26-02-2026 08:19,0.658,0.0375
26-02-2026 08:19,0.654,0
26-02-2026 08:19,0.673,0
26-02-2026 08:19,0.639,0
26-02-2026 08:19,0.654,0
26-02-2026 08:19,0.726,0.0375
26-02-2026 08:19,0.699,0.15
26-02-2026 08:19,0.756,0
26-02-2026 08:19,0.673,0
26-02-2026 08:19,0.711,0
26-02-2026 08:19,0.703,0
26-02-2026 08:19,0.654,0
26-02-2026 08:19,0.703,0
26-02-2026 08:19,0.79,0.113
26-02-2026 08:19,0.714,0
26-02-2026 08:19,0.771,0
26-02-2026 08:19,0.748,0
26-02-2026 08:19,0.722,0.0375
26-02-2026 08:19,0.703,0
26-02-2026 08:19,0.707,0
26-02-2026 08:19,0.703,0.15
26-02-2026 08:19,0.699,0.0375
26-02-2026 08:19,0.65,0
26-02-2026 08:19,0.68,0
26-02-2026 08:19,0.703,0
26-02-2026 08:19,0.695,0.075
26-02-2026 08:19,0.65,0
26-02-2026 08:19,0.673,0
26-02-2026 08:20,0.677,0.075
26-02-2026 08:20,0.65,0
26-02-2026 08:20,0.654,0
26-02-2026 08:20,0.692,0
26-02-2026 08:20,0.711,0
26-02-2026 08:20,0.695,0
26-02-2026 08:20,0.714,0.0375
26-02-2026 08:20,0.729,0.113
26-02-2026 08:20,0.703,0.0375
26-02-2026 08:20,0.722,0
26-02-2026 08:20,0.695,0.0375
26-02-2026 08:20,0.722,0.075
26-02-2026 08:20,0.692,0
26-02-2026 08:20,0.718,0.0375
26-02-2026 08:20,0.729,0.0375
26-02-2026 08:20,0.718,0.0375
26-02-2026 08:20,0.782,0
26-02-2026 08:20,0.718,0
26-02-2026 08:20,0.763,0
26-02-2026 08:20,0.714,0
26-02-2026 08:20,0.707,0
26-02-2026 08:20,0.775,0.0375
26-02-2026 08:20,0.684,0
26-02-2026 08:20,0.767,0
26-02-2026 08:20,0.722,0
26-02-2026 08:20,0.763,0
26-02-2026 08:20,0.688,0
26-02-2026 08:20,0.677,0
26-02-2026 08:20,0.662,0
26-02-2026 08:20,0.654,0.113
26-02-2026 08:20,0.662,0.075
26-02-2026 08:20,0.65,0
26-02-2026 08:20,0.726,0
26-02-2026 08:20,0.718,0
26-02-2026 08:20,0.707,0
26-02-2026 08:20,0.699,0
26-02-2026 08:20,0.729,0
26-02-2026 08:20,0.714,0.0375
26-02-2026 08:20,0.714,0
26-02-2026 08:20,0.711,0
26-02-2026 08:20,0.718,0
26-02-2026 08:20,0.711,0.075
26-02-2026 08:20,0.65,0
26-02-2026 08:20,0.718,0.075
26-02-2026 08:20,0.692,0
26-02-2026 08:20,0.778,0
26-02-2026 08:20,0.695,0
26-02-2026 08:20,0.662,0
26-02-2026 08:20,0.665,0.0375
26-02-2026 08:20,0.658,0.0375
26-02-2026 08:20,0.692,0
26-02-2026 08:20,0.665,0
26-02-2026 08:20,0.707,0
26-02-2026 08:20,0.635,0
26-02-2026 08:20,0.662,0.0375
26-02-2026 08:20,0.65,0
26-02-2026 08:20,0.692,0
26-02-2026 08:20,0.714,0.113
26-02-2026 08:20,0.756,0
26-02-2026 08:21,0.752,0
26-02-2026 08:21,0.703,0
26-02-2026 08:21,0.699,0.0375
26-02-2026 08:21,0.722,0
26-02-2026 08:21,0.695,0
26-02-2026 08:21,0.665,0
26-02-2026 08:21,0.711,0
26-02-2026 08:21,0.639,0
26-02-2026 08:21,0.733,0
26-02-2026 08:21,0.718,0.075
26-02-2026 08:21,0.695,0
26-02-2026 08:21,0.673,0
26-02-2026 08:21,0.714,0
26-02-2026 08:21,0.778,0
26-02-2026 08:21,0.718,0
26-02-2026 08:21,0.669,0.075
26-02-2026 08:21,0.759,0
26-02-2026 08:21,0.714,0
26-02-2026 08:21,0.756,0
26-02-2026 08:21,0.647,0
26-02-2026 08:21,0.673,0
26-02-2026 08:21,0.707,0
26-02-2026 08:21,0.647,0
26-02-2026 08:21,0.718,0
26-02-2026 08:21,0.711,0.0375
26-02-2026 08:21,0.677,0.075
26-02-2026 08:21,0.699,0.075
26-02-2026 08:21,0.79,0.0375
26-02-2026 08:21,0.699,0.0375
26-02-2026 08:21,0.711,0
26-02-2026 08:21,0.775,0
26-02-2026 08:21,0.759,0
26-02-2026 08:21,0.729,0
26-02-2026 08:21,0.695,0.075
26-02-2026 08:21,0.718,0
26-02-2026 08:21,0.711,0
26-02-2026 08:21,0.718,0.075
26-02-2026 08:21,0.699,0
26-02-2026 08:21,0.695,0.075
26-02-2026 08:21,0.714,0
26-02-2026 08:21,0.703,0
26-02-2026 08:21,0.756,0
26-02-2026 08:21,0.763,0
26-02-2026 08:21,0.699,0
26-02-2026 08:21,0.65,0.0375
26-02-2026 08:21,0.647,0
26-02-2026 08:21,0.718,0
26-02-2026 08:21,0.658,0
26-02-2026 08:21,0.763,0.0375
26-02-2026 08:21,0.714,0
26-02-2026 08:21,0.778,0.0375
26-02-2026 08:21,0.692,0
26-02-2026 08:21,0.718,0.0375
26-02-2026 08:21,0.718,0.0375
26-02-2026 08:21,0.729,0
26-02-2026 08:21,0.699,0
26-02-2026 08:21,0.714,0
26-02-2026 08:21,0.711,0
26-02-2026 08:22,0.699,0
26-02-2026 08:22,0.65,0
26-02-2026 08:22,0.639,0.0375
26-02-2026 08:22,0.714,0
26-02-2026 08:22,0.639,0
26-02-2026 08:22,0.654,0.0375
26-02-2026 08:22,0.654,0
26-02-2026 08:22,0.699,0
26-02-2026 08:22,0.729,0.0375
26-02-2026 08:22,0.699,0
26-02-2026 08:22,0.729,0
26-02-2026 08:22,0.68,0
26-02-2026 08:22,0.695,0.0375
26-02-2026 08:22,0.722,0.075
26-02-2026 08:22,0.703,0
26-02-2026 08:22,0.639,0.0375
26-02-2026 08:22,0.662,0
26-02-2026 08:22,0.695,0.075
26-02-2026 08:22,0.718,0
26-02-2026 08:22,0.711,0.113
26-02-2026 08:22,0.711,0
26-02-2026 08:22,0.658,0
26-02-2026 08:22,0.703,0.0375
26-02-2026 08:22,0.662,0.0375
26-02-2026 08:22,0.714,0
26-02-2026 08:22,0.756,0
26-02-2026 08:22,0.665,0.188
26-02-2026 08:22,0.726,0
26-02-2026 08:22,0.763,0
26-02-2026 08:22,0.68,0.0375
26-02-2026 08:22,0.729,0
26-02-2026 08:22,0.688,0
26-02-2026 08:22,0.688,0
26-02-2026 08:22,0.658,0
26-02-2026 08:22,0.662,0.0375
26-02-2026 08:22,0.782,0
26-02-2026 08:22,0.741,0
26-02-2026 08:22,0.711,0
26-02-2026 08:22,0.763,0
26-02-2026 08:22,0.684,0
26-02-2026 08:22,0.703,0
26-02-2026 08:22,0.714,0
26-02-2026 08:22,0.669,0
26-02-2026 08:22,0.726,0.113
26-02-2026 08:22,0.669,0.075
26-02-2026 08:22,0.711,0
26-02-2026 08:22,0.699,0
26-02-2026 08:22,0.692,0.0375
26-02-2026 08:22,0.718,0
26-02-2026 08:22,0.763,0
26-02-2026 08:22,0.744,0
26-02-2026 08:22,0.778,0
26-02-2026 08:22,0.718,0
26-02-2026 08:22,0.756,0
26-02-2026 08:22,0.756,0
26-02-2026 08:23,0.711,0
26-02-2026 08:23,0.718,0
26-02-2026 08:23,0.722,0
26-02-2026 08:23,0.718,0
26-02-2026 08:23,0.699,0
26-02-2026 08:23,0.639,0
26-02-2026 08:23,0.718,0.075
26-02-2026 08:23,0.688,0
26-02-2026 08:23,0.711,0.0375
26-02-2026 08:23,0.684,0.075
26-02-2026 08:23,0.714,0.0375
26-02-2026 08:23,0.756,0
26-02-2026 08:23,0.79,0
26-02-2026 08:23,0.703,0
26-02-2026 08:23,0.695,0
26-02-2026 08:23,0.718,0
26-02-2026 08:23,0.703,0
26-02-2026 08:23,0.748,0.15
26-02-2026 08:23,0.775,0
26-02-2026 08:23,0.703,0
26-02-2026 08:23,0.733,0
26-02-2026 08:23,0.718,0
26-02-2026 08:23,0.703,0
26-02-2026 08:23,0.684,0.0375
26-02-2026 08:23,0.722,0
26-02-2026 08:23,0.643,0.0375
26-02-2026 08:23,0.729,0
26-02-2026 08:23,0.744,0
26-02-2026 08:23,0.695,0
26-02-2026 08:23,0.729,0
26-02-2026 08:23,0.831,0
26-02-2026 08:23,0.824,0.075
26-02-2026 08:23,0.752,0.0375
26-02-2026 08:23,0.824,0
26-02-2026 08:23,0.839,0
26-02-2026 08:23,0.778,0
26-02-2026 08:23,0.756,0
26-02-2026 08:23,0.775,0
26-02-2026 08:23,0.759,0.0375
26-02-2026 08:23,0.759,0
26-02-2026 08:23,0.771,0.0375
26-02-2026 08:23,0.748,0.075
26-02-2026 08:23,0.714,0.075
26-02-2026 08:23,0.733,0.075
26-02-2026 08:23,0.763,0
26-02-2026 08:23,0.748,0
26-02-2026 08:23,0.759,0
26-02-2026 08:23,0.771,0
26-02-2026 08:23,0.707,0
26-02-2026 08:23,0.805,0
26-02-2026 08:23,0.744,0
26-02-2026 08:23,0.775,0
26-02-2026 08:23,0.782,0
26-02-2026 08:23,0.688,0
26-02-2026 08:23,0.718,0
26-02-2026 08:23,0.767,0
26-02-2026 08:23,0.688,0
26-02-2026 08:23,0.729,0
26-02-2026 08:23,0.801,0
26-02-2026 08:23,0.722,0.075
26-02-2026 08:23,0.714,0.0375
26-02-2026 08:23,0.695,0
26-02-2026 08:24,0.707,0
26-02-2026 08:24,0.662,0.0375
26-02-2026 08:24,0.707,0.0375
26-02-2026 08:24,0.744,0.075
26-02-2026 08:24,0.714,0.075
26-02-2026 08:24,0.718,0.113
26-02-2026 08:24,0.707,0
26-02-2026 08:24,0.703,0
26-02-2026 08:24,0.703,0
26-02-2026 08:24,0.711,0
26-02-2026 08:24,0.711,0.0375
26-02-2026 08:24,0.726,0
26-02-2026 08:24,0.718,0
26-02-2026 08:24,0.695,0.0375
26-02-2026 08:24,0.677,0
26-02-2026 08:24,0.718,0
26-02-2026 08:24,0.695,0.075
26-02-2026 08:24,0.699,0
26-02-2026 08:24,0.677,0.0375
26-02-2026 08:24,0.707,0
26-02-2026 08:24,0.718,0
26-02-2026 08:24,0.658,0
26-02-2026 08:24,0.692,0.0375
26-02-2026 08:24,0.695,0
26-02-2026 08:24,0.684,0
26-02-2026 08:24,0.726,0
26-02-2026 08:24,0.756,0.0375
26-02-2026 08:24,0.756,0.075
26-02-2026 08:24,0.759,0
26-02-2026 08:24,0.808,0
26-02-2026 08:24,0.759,0
26-02-2026 08:24,0.752,0
26-02-2026 08:24,0.771,0.113
26-02-2026 08:24,0.767,0.0375
26-02-2026 08:24,0.782,0.075
26-02-2026 08:24,0.707,0
26-02-2026 08:24,0.812,0.0375
26-02-2026 08:24,0.695,0
26-02-2026 08:24,0.824,0
26-02-2026 08:24,0.854,0
26-02-2026 08:24,0.767,0
26-02-2026 08:24,0.759,0.113
26-02-2026 08:24,0.718,0
26-02-2026 08:24,0.805,0.113
26-02-2026 08:24,0.703,0
26-02-2026 08:24,0.805,0
26-02-2026 08:24,0.82,0.113
26-02-2026 08:24,0.846,0
26-02-2026 08:24,0.831,0
26-02-2026 08:24,0.835,0.0375
26-02-2026 08:24,0.767,0.0375
26-02-2026 08:24,0.677,0.0375
26-02-2026 08:24,0.763,0
26-02-2026 08:24,0.722,0
26-02-2026 08:24,0.805,0
26-02-2026 08:24,0.707,0
26-02-2026 08:24,0.744,0
26-02-2026 08:24,0.741,0
26-02-2026 08:25,0.752,0.075
26-02-2026 08:25,0.752,0
26-02-2026 08:25,0.763,0.113
26-02-2026 08:25,0.763,0
26-02-2026 08:25,0.824,0.075
26-02-2026 08:25,0.752,0
26-02-2026 08:25,0.692,0
26-02-2026 08:25,0.718,0
26-02-2026 08:25,0.733,0
26-02-2026 08:25,0.714,0
26-02-2026 08:25,0.711,0
26-02-2026 08:25,0.767,0
26-02-2026 08:25,0.707,0
26-02-2026 08:25,0.748,0
26-02-2026 08:25,0.759,0
26-02-2026 08:25,0.756,0
26-02-2026 08:25,0.703,0
26-02-2026 08:25,0.748,0.075
26-02-2026 08:25,0.756,0
26-02-2026 08:25,0.695,0
26-02-2026 08:25,0.756,0
26-02-2026 08:25,0.654,0
26-02-2026 08:25,0.722,0
26-02-2026 08:25,0.711,0
26-02-2026 08:25,0.756,0.075
26-02-2026 08:25,0.695,0
26-02-2026 08:25,0.741,0
26-02-2026 08:25,0.65,0
26-02-2026 08:25,0.714,0
26-02-2026 08:25,0.835,0
26-02-2026 08:25,0.763,0
26-02-2026 08:25,0.759,0
26-02-2026 08:25,0.703,0
26-02-2026 08:25,0.729,0
26-02-2026 08:25,0.722,0
26-02-2026 08:25,0.714,0
26-02-2026 08:25,0.662,0
26-02-2026 08:25,0.703,0
26-02-2026 08:25,0.695,0
26-02-2026 08:25,0.771,0
26-02-2026 08:25,0.665,0
26-02-2026 08:25,0.662,0.075
26-02-2026 08:25,0.707,0
26-02-2026 08:25,0.707,0.075
26-02-2026 08:25,0.688,0.075
26-02-2026 08:25,0.744,0
26-02-2026 08:25,0.741,0.075
26-02-2026 08:25,0.654,0
26-02-2026 08:25,0.711,0
26-02-2026 08:25,0.722,0
26-02-2026 08:25,0.703,0
26-02-2026 08:25,0.744,0
26-02-2026 08:25,0.699,0.0375
26-02-2026 08:25,0.707,0
26-02-2026 08:25,0.711,0
26-02-2026 08:25,0.726,0
26-02-2026 08:25,0.707,0.113
26-02-2026 08:25,0.703,0
26-02-2026 08:25,0.692,0
26-02-2026 08:26,0.695,0
26-02-2026 08:26,0.684,0
26-02-2026 08:26,0.65,0
26-02-2026 08:26,0.714,0.0375
26-02-2026 08:26,0.718,0
26-02-2026 08:26,0.756,0
26-02-2026 08:26,0.699,0
26-02-2026 08:26,0.737,0
26-02-2026 08:26,0.695,0
26-02-2026 08:26,0.677,0.15
26-02-2026 08:26,0.775,0
26-02-2026 08:26,0.722,0
26-02-2026 08:26,0.741,0
26-02-2026 08:26,0.763,0
26-02-2026 08:26,0.65,0
26-02-2026 08:26,0.703,0.075
26-02-2026 08:26,0.643,0
26-02-2026 08:26,0.695,0
26-02-2026 08:26,0.744,0
26-02-2026 08:26,0.695,0.0375
26-02-2026 08:26,0.692,0.0375
26-02-2026 08:26,0.695,0
26-02-2026 08:26,0.722,0.113
26-02-2026 08:26,0.658,0.113
26-02-2026 08:26,0.711,0
26-02-2026 08:26,0.699,0.075
26-02-2026 08:26,0.658,0
26-02-2026 08:26,0.684,0.113
26-02-2026 08:26,0.692,0
26-02-2026 08:26,0.68,0
26-02-2026 08:26,0.692,0
26-02-2026 08:26,0.767,0
26-02-2026 08:26,0.737,0.0375
26-02-2026 08:26,0.733,0
26-02-2026 08:26,0.707,0
26-02-2026 08:26,0.673,0
26-02-2026 08:26,0.695,0
26-02-2026 08:26,0.722,0
26-02-2026 08:26,0.714,0
26-02-2026 08:26,0.714,0
26-02-2026 08:26,0.711,0
26-02-2026 08:26,0.658,0.0375
26-02-2026 08:26,0.699,0
26-02-2026 08:26,0.658,0
26-02-2026 08:26,0.707,0.0375
26-02-2026 08:26,0.714,0.113
26-02-2026 08:26,0.703,0.075
26-02-2026 08:26,0.711,0
26-02-2026 08:26,0.65,0.0375
26-02-2026 08:26,0.658,0.0375
26-02-2026 08:26,0.639,0.0375
26-02-2026 08:26,0.726,0
26-02-2026 08:26,0.722,0.075
26-02-2026 08:26,0.699,0
26-02-2026 08:26,0.726,0.0375
26-02-2026 08:26,0.722,0
26-02-2026 08:26,0.699,0
26-02-2026 08:26,0.692,0.113
26-02-2026 08:26,0.647,0
26-02-2026 08:27,0.695,0.075
26-02-2026 08:27,0.647,0
26-02-2026 08:27,0.68,0.075
26-02-2026 08:27,0.711,0
26-02-2026 08:27,0.775,0.0375
26-02-2026 08:27,0.654,0
26-02-2026 08:27,0.628,0
26-02-2026 08:27,0.673,0.0375
26-02-2026 08:27,0.647,0
26-02-2026 08:27,0.688,0.15
26-02-2026 08:27,0.703,109
26-02-2026 08:27,0.79,772
26-02-2026 08:27,1.94,772
26-02-2026 08:27,5.48,773
26-02-2026 08:27,7.28,773
26-02-2026 08:27,8.8,773
26-02-2026 08:27,10.8,773
26-02-2026 08:27,13,773
26-02-2026 08:27,14.2,773
26-02-2026 08:27,15.7,774
26-02-2026 08:27,17.2,773
26-02-2026 08:27,18.6,773
26-02-2026 08:27,19.6,774
26-02-2026 08:27,20.4,774
26-02-2026 08:27,17.9,717
26-02-2026 08:27,17.6,774
26-02-2026 08:27,19,774
26-02-2026 08:27,14.5,774
26-02-2026 08:27,17.3,717
26-02-2026 08:27,14,717
26-02-2026 08:27,13,717
26-02-2026 08:27,12.1,717
26-02-2026 08:27,11.8,717
26-02-2026 08:27,11.2,717
26-02-2026 08:27,10.3,717
26-02-2026 08:27,10.1,717
26-02-2026 08:27,9.41,717
26-02-2026 08:27,9.1,717
26-02-2026 08:27,8.49,717
26-02-2026 08:27,8.65,717
26-02-2026 08:27,7.96,717
26-02-2026 08:27,7.48,717
26-02-2026 08:27,7.46,717
26-02-2026 08:27,7.26,717
26-02-2026 08:27,7.3,717
26-02-2026 08:27,6.84,0
26-02-2026 08:27,4.92,0.0375
26-02-2026 08:27,2.81,0.0375
26-02-2026 08:27,1.14,0
26-02-2026 08:27,0.839,0
26-02-2026 08:27,0.816,0
26-02-2026 08:27,0.808,0
26-02-2026 08:27,0.801,0
26-02-2026 08:27,0.801,0
26-02-2026 08:27,0.759,0
26-02-2026 08:27,0.778,0.113
26-02-2026 08:27,0.839,128
26-02-2026 08:27,0.82,128
26-02-2026 08:27,1.14,133
26-02-2026 08:28,1.47,132
26-02-2026 08:28,1.41,133
26-02-2026 08:28,1.42,133
26-02-2026 08:28,1.39,133
26-02-2026 08:28,1.35,132
26-02-2026 08:28,1.4,132
26-02-2026 08:28,1.43,132
26-02-2026 08:28,1.43,132
26-02-2026 08:28,1.32,133
26-02-2026 08:28,1.31,133
26-02-2026 08:28,1.31,133
26-02-2026 08:28,1.3,133
26-02-2026 08:28,1.32,159
26-02-2026 08:28,1.41,164
26-02-2026 08:28,1.44,164
26-02-2026 08:28,1.48,189
26-02-2026 08:28,1.63,189
26-02-2026 08:28,1.76,188
26-02-2026 08:28,1.89,188
26-02-2026 08:28,2.33,188
26-02-2026 08:28,2.41,189
26-02-2026 08:28,2.59,188
26-02-2026 08:28,2.67,188
26-02-2026 08:28,2.75,189
26-02-2026 08:28,2.75,188
26-02-2026 08:28,2.93,188
26-02-2026 08:28,2.93,188
26-02-2026 08:28,2.97,188
26-02-2026 08:28,3.08,188
26-02-2026 08:28,3.14,188
26-02-2026 08:28,3.31,189
26-02-2026 08:28,3.31,189
26-02-2026 08:28,3.32,189
26-02-2026 08:28,3.36,188
26-02-2026 08:28,3.47,188
26-02-2026 08:28,3.41,188
26-02-2026 08:28,3.47,188
26-02-2026 08:28,3.59,188
26-02-2026 08:28,3.56,189
26-02-2026 08:28,3.56,189
26-02-2026 08:28,3.58,188
26-02-2026 08:28,3.58,189
26-02-2026 08:28,3.68,188
26-02-2026 08:28,3.69,188
26-02-2026 08:28,3.75,188
26-02-2026 08:28,3.73,188
26-02-2026 08:28,3.74,188
26-02-2026 08:28,3.79,188
26-02-2026 08:28,3.75,189
26-02-2026 08:28,3.78,189
26-02-2026 08:28,3.91,189
26-02-2026 08:28,3.73,189
26-02-2026 08:28,3.92,189
26-02-2026 08:28,3.89,189
26-02-2026 08:28,3.97,188
26-02-2026 08:28,3.94,189
26-02-2026 08:28,3.97,188
26-02-2026 08:28,4,189
26-02-2026 08:29,3.99,188
26-02-2026 08:29,4.07,189
26-02-2026 08:29,4.07,189
26-02-2026 08:29,4.05,189
26-02-2026 08:29,4.06,188
26-02-2026 08:29,4.06,188
26-02-2026 08:29,4.1,188
26-02-2026 08:29,4.07,188
26-02-2026 08:29,4.11,188
26-02-2026 08:29,4.12,189
26-02-2026 08:29,4.12,189
26-02-2026 08:29,4.23,189
26-02-2026 08:29,4.22,189
26-02-2026 08:29,4.23,189
26-02-2026 08:29,4.17,188
26-02-2026 08:29,4.19,188
26-02-2026 08:29,4.18,188
26-02-2026 08:29,4.23,188
26-02-2026 08:29,4.21,188
26-02-2026 08:29,4.28,188
26-02-2026 08:29,4.22,189
26-02-2026 08:29,4.28,188
26-02-2026 08:29,4.33,189
26-02-2026 08:29,4.34,188
26-02-2026 08:29,4.39,188
26-02-2026 08:29,4.33,188
26-02-2026 08:29,4.39,188
26-02-2026 08:29,4.33,188
26-02-2026 08:29,4.37,188
26-02-2026 08:29,4.34,189
26-02-2026 08:29,4.5,189
26-02-2026 08:29,4.39,189
26-02-2026 08:29,4.45,188
26-02-2026 08:29,4.39,188
26-02-2026 08:29,4.5,188
26-02-2026 08:29,4.48,188
26-02-2026 08:29,4.44,188
26-02-2026 08:29,4.54,188
26-02-2026 08:29,4.49,188
26-02-2026 08:29,4.5,189
26-02-2026 08:29,4.51,188
26-02-2026 08:29,4.44,188
26-02-2026 08:29,4.55,188
26-02-2026 08:29,4.54,188
26-02-2026 08:29,4.45,188
26-02-2026 08:29,4.5,188
26-02-2026 08:29,4.59,188
26-02-2026 08:29,4.53,188
26-02-2026 08:29,4.55,188
26-02-2026 08:29,4.6,188
26-02-2026 08:29,4.55,188
26-02-2026 08:29,4.54,189
26-02-2026 08:29,4.55,188
26-02-2026 08:29,4.54,189
26-02-2026 08:29,4.56,188
26-02-2026 08:29,4.54,188
26-02-2026 08:29,4.6,188
26-02-2026 08:29,4.54,188
26-02-2026 08:29,4.54,189
26-02-2026 08:30,4.53,189
26-02-2026 08:30,4.62,189
26-02-2026 08:30,4.54,188
26-02-2026 08:30,4.62,188
26-02-2026 08:30,4.61,188
26-02-2026 08:30,4.67,188
26-02-2026 08:30,4.66,188
26-02-2026 08:30,4.54,188
26-02-2026 08:30,4.66,188
26-02-2026 08:30,4.65,188
26-02-2026 08:30,4.66,188
26-02-2026 08:30,4.6,189
26-02-2026 08:30,4.67,189
26-02-2026 08:30,4.65,188
26-02-2026 08:30,4.66,188
26-02-2026 08:30,4.56,188
26-02-2026 08:30,4.53,188
26-02-2026 08:30,4.59,188
26-02-2026 08:30,4.61,189
26-02-2026 08:30,4.67,188
26-02-2026 08:30,4.58,189
26-02-2026 08:30,4.62,188
26-02-2026 08:30,4.66,188
26-02-2026 08:30,4.67,188
26-02-2026 08:30,4.6,188
26-02-2026 08:30,4.6,188
26-02-2026 08:30,4.69,188
26-02-2026 08:30,4.66,189
26-02-2026 08:30,4.65,189
26-02-2026 08:30,4.66,188
26-02-2026 08:30,4.71,189
26-02-2026 08:30,4.54,188
26-02-2026 08:30,4.67,189
26-02-2026 08:30,4.71,188
26-02-2026 08:30,4.76,188
26-02-2026 08:30,4.68,188
26-02-2026 08:30,4.64,188
26-02-2026 08:30,4.64,188
26-02-2026 08:30,4.68,188
26-02-2026 08:30,4.69,189
26-02-2026 08:30,4.78,189
26-02-2026 08:30,4.66,188
26-02-2026 08:30,4.72,188
26-02-2026 08:30,4.8,188
26-02-2026 08:30,4.77,188
26-02-2026 08:30,4.79,188
26-02-2026 08:30,4.75,188
26-02-2026 08:30,4.67,188
26-02-2026 08:30,4.68,188
26-02-2026 08:30,4.66,188
26-02-2026 08:30,4.72,188
26-02-2026 08:30,4.71,188
26-02-2026 08:30,4.83,188
26-02-2026 08:30,4.65,188
26-02-2026 08:30,4.77,188
26-02-2026 08:30,4.74,188
26-02-2026 08:30,4.72,188
26-02-2026 08:30,4.81,189
26-02-2026 08:30,4.77,188
26-02-2026 08:31,4.78,188
26-02-2026 08:31,4.85,188
26-02-2026 08:31,4.74,188
26-02-2026 08:31,4.81,188
26-02-2026 08:31,4.8,188
26-02-2026 08:31,4.77,188
26-02-2026 08:31,4.77,188
26-02-2026 08:31,4.73,188
26-02-2026 08:31,4.7,188
26-02-2026 08:31,4.71,188
26-02-2026 08:31,4.99,189
26-02-2026 08:31,4.71,188
26-02-2026 08:31,4.83,188
26-02-2026 08:31,4.83,188
26-02-2026 08:31,4.71,188
26-02-2026 08:31,4.77,188
26-02-2026 08:31,4.75,188
26-02-2026 08:31,4.81,188
26-02-2026 08:31,4.73,188
26-02-2026 08:31,4.73,189
26-02-2026 08:31,4.77,189
26-02-2026 08:31,4.82,188
26-02-2026 08:31,4.72,188
26-02-2026 08:31,4.71,188
26-02-2026 08:31,4.77,188
26-02-2026 08:31,4.71,188
26-02-2026 08:31,4.82,188
26-02-2026 08:31,4.76,188
26-02-2026 08:31,4.73,188
26-02-2026 08:31,4.75,188
26-02-2026 08:31,4.71,189
26-02-2026 08:31,4.81,188
26-02-2026 08:31,4.73,188
26-02-2026 08:31,4.76,188
26-02-2026 08:31,4.83,188
26-02-2026 08:31,4.77,188
26-02-2026 08:31,4.72,189
26-02-2026 08:31,4.65,188
26-02-2026 08:31,4.78,189
26-02-2026 08:31,4.72,188
26-02-2026 08:31,4.66,188
26-02-2026 08:31,4.7,188
26-02-2026 08:31,4.69,188
26-02-2026 08:31,4.7,188
26-02-2026 08:31,4.66,188
26-02-2026 08:31,4.65,188
26-02-2026 08:31,4.76,189
26-02-2026 08:31,4.82,189
26-02-2026 08:31,4.72,188
26-02-2026 08:31,4.71,189
26-02-2026 08:31,4.77,189
26-02-2026 08:31,4.7,188
26-02-2026 08:31,4.73,188
26-02-2026 08:31,4.76,188
26-02-2026 08:31,4.71,188
26-02-2026 08:31,4.77,188
26-02-2026 08:31,4.72,188
26-02-2026 08:31,4.73,188
26-02-2026 08:32,4.78,188
26-02-2026 08:32,4.7,188
26-02-2026 08:32,4.7,188
26-02-2026 08:32,4.82,188
26-02-2026 08:32,4.73,188
26-02-2026 08:32,4.7,188
26-02-2026 08:32,4.72,188
26-02-2026 08:32,4.8,188
26-02-2026 08:32,4.78,189
26-02-2026 08:32,4.76,189
26-02-2026 08:32,4.83,188
26-02-2026 08:32,4.83,188
26-02-2026 08:32,4.81,378
26-02-2026 08:32,5.14,394
26-02-2026 08:32,5.57,394
26-02-2026 08:32,6.01,394
26-02-2026 08:32,6.5,394
26-02-2026 08:32,7.1,394
26-02-2026 08:32,7.72,394
26-02-2026 08:32,7.85,394
26-02-2026 08:32,8.52,394
26-02-2026 08:32,8.98,394
26-02-2026 08:32,9.27,394
26-02-2026 08:32,9.81,394
26-02-2026 08:32,9.62,394
26-02-2026 08:32,10.4,394
26-02-2026 08:32,10.8,394
26-02-2026 08:32,11.3,394
26-02-2026 08:32,11.5,394
26-02-2026 08:32,11.9,394
26-02-2026 08:32,12.3,394
26-02-2026 08:32,12.7,394
26-02-2026 08:32,12.8,394
26-02-2026 08:32,13.3,393
26-02-2026 08:32,13.7,393
26-02-2026 08:32,13.9,394
26-02-2026 08:32,14.2,394
26-02-2026 08:32,14.3,394
26-02-2026 08:32,14.8,394
26-02-2026 08:32,14.8,394
26-02-2026 08:32,15.1,394
26-02-2026 08:32,15.6,393
26-02-2026 08:32,15.6,393
26-02-2026 08:32,16,393
26-02-2026 08:32,16.2,394
26-02-2026 08:32,16.1,394
26-02-2026 08:32,16.5,393
26-02-2026 08:32,17,394
26-02-2026 08:32,17.2,394
26-02-2026 08:32,17.3,394
26-02-2026 08:32,17.6,394
26-02-2026 08:32,17.9,394
26-02-2026 08:32,18.1,393
26-02-2026 08:32,18.1,393
26-02-2026 08:32,18.8,394
26-02-2026 08:32,18.7,394
26-02-2026 08:32,19,394
26-02-2026 08:32,19.2,394
26-02-2026 08:32,19.5,394
26-02-2026 08:33,19.5,394
26-02-2026 08:33,19.6,394
26-02-2026 08:33,19.9,394
26-02-2026 08:33,20,394
26-02-2026 08:33,20.2,393
26-02-2026 08:33,20.6,393
26-02-2026 08:33,20.5,394
26-02-2026 08:33,20.9,394
26-02-2026 08:33,21,394
26-02-2026 08:33,21.1,394
26-02-2026 08:33,21.3,394
26-02-2026 08:33,21.4,394
26-02-2026 08:33,21.7,394
26-02-2026 08:33,21.8,393
26-02-2026 08:33,22,394
26-02-2026 08:33,22,394
26-02-2026 08:33,22.2,394
26-02-2026 08:33,22.4,394
26-02-2026 08:33,22.6,394
26-02-2026 08:33,22.7,394
26-02-2026 08:33,22.8,394
26-02-2026 08:33,22.9,393
26-02-2026 08:33,23.1,394
26-02-2026 08:33,23.2,393
26-02-2026 08:33,23.3,394
26-02-2026 08:33,23.4,394
26-02-2026 08:33,23.7,394
26-02-2026 08:33,23.9,394
26-02-2026 08:33,23.9,394
26-02-2026 08:33,24.1,394
26-02-2026 08:33,24.2,394
26-02-2026 08:33,24.4,394
26-02-2026 08:33,24.4,394
26-02-2026 08:33,24.6,393
26-02-2026 08:33,24.6,393
26-02-2026 08:33,24.8,394
26-02-2026 08:33,24.9,394
26-02-2026 08:33,25,394
26-02-2026 08:33,25.1,394
26-02-2026 08:33,25.2,394
26-02-2026 08:33,25.4,393
26-02-2026 08:33,25.5,393
26-02-2026 08:33,25.6,394
26-02-2026 08:33,25.6,393
26-02-2026 08:33,25.8,394
26-02-2026 08:33,25.9,394
26-02-2026 08:33,26,394
26-02-2026 08:33,26.1,394
26-02-2026 08:33,26.1,394
26-02-2026 08:33,26.3,394
26-02-2026 08:33,26.4,393
26-02-2026 08:33,26.5,393
26-02-2026 08:33,26.3,393
26-02-2026 08:33,26.6,393
26-02-2026 08:33,26.7,394
26-02-2026 08:33,26.7,394
26-02-2026 08:33,26.9,394
26-02-2026 08:33,27,394
26-02-2026 08:33,26.9,394
26-02-2026 08:34,27.1,393
26-02-2026 08:34,27.1,394
26-02-2026 08:34,27.2,393
26-02-2026 08:34,27.3,394
26-02-2026 08:34,27.5,393
26-02-2026 08:34,27.6,394
26-02-2026 08:34,27.6,394
26-02-2026 08:34,27.8,394
26-02-2026 08:34,27.8,394
26-02-2026 08:34,27.8,394
26-02-2026 08:34,27.8,394
26-02-2026 08:34,28,393
26-02-2026 08:34,28.1,393
26-02-2026 08:34,28,394
26-02-2026 08:34,28.1,393
26-02-2026 08:34,28.1,394
26-02-2026 08:34,28.3,394
26-02-2026 08:34,28.3,394
26-02-2026 08:34,28.5,394
26-02-2026 08:34,28.4,394
26-02-2026 08:34,28.5,394
26-02-2026 08:34,28.5,393
26-02-2026 08:34,28.6,393
26-02-2026 08:34,28.7,393
26-02-2026 08:34,28.7,393
26-02-2026 08:34,28.8,394
26-02-2026 08:34,28.9,394
26-02-2026 08:34,28.8,394
26-02-2026 08:34,28.9,394
26-02-2026 08:34,29,394
26-02-2026 08:34,29,394
26-02-2026 08:34,29.1,394
26-02-2026 08:34,29.1,393
26-02-2026 08:34,29.3,393
26-02-2026 08:34,29.3,394
26-02-2026 08:34,29.3,394
26-02-2026 08:34,29.3,394
26-02-2026 08:34,29.3,394
26-02-2026 08:34,29.3,394
26-02-2026 08:34,29.5,393
26-02-2026 08:34,29.6,393
26-02-2026 08:34,29.6,393
26-02-2026 08:34,29.6,394
26-02-2026 08:34,29.6,394
26-02-2026 08:34,29.7,394
26-02-2026 08:34,29.7,394
26-02-2026 08:34,29.7,394
26-02-2026 08:34,29.9,394
26-02-2026 08:34,29.8,394
26-02-2026 08:34,29.8,393
26-02-2026 08:34,29.9,393
26-02-2026 08:34,29.9,393
26-02-2026 08:34,30.1,394
26-02-2026 08:34,30.1,394
26-02-2026 08:34,30.1,394
26-02-2026 08:34,30.1,394
26-02-2026 08:34,30.1,394
26-02-2026 08:34,30.2,394
26-02-2026 08:35,30.2,394
26-02-2026 08:35,30.3,394
26-02-2026 08:35,30.4,394
26-02-2026 08:35,30.4,394
26-02-2026 08:35,30.4,393
26-02-2026 08:35,30.4,394
26-02-2026 08:35,30.5,394
26-02-2026 08:35,30.5,394
26-02-2026 08:35,30.5,394
26-02-2026 08:35,30.5,394
26-02-2026 08:35,30.6,394
26-02-2026 08:35,30.7,393
26-02-2026 08:35,30.6,393
26-02-2026 08:35,30.7,393
26-02-2026 08:35,30.7,393
26-02-2026 08:35,30.7,394
26-02-2026 08:35,30.8,394
26-02-2026 08:35,30.8,394
26-02-2026 08:35,30.8,394
26-02-2026 08:35,30.8,394
26-02-2026 08:35,30.8,393
26-02-2026 08:35,30.9,394
26-02-2026 08:35,30.8,393
26-02-2026 08:35,31,394
26-02-2026 08:35,30.9,394
26-02-2026 08:35,30.9,394
26-02-2026 08:35,30.9,394
26-02-2026 08:35,31,394
26-02-2026 08:35,31.1,394
26-02-2026 08:35,31.1,393
26-02-2026 08:35,31.1,394
26-02-2026 08:35,31.1,393
26-02-2026 08:35,31.2,393
26-02-2026 08:35,31.3,394
26-02-2026 08:35,31.3,393
26-02-2026 08:35,31.4,394
26-02-2026 08:35,31.2,394
26-02-2026 08:35,31.3,394
26-02-2026 08:35,31.3,394
26-02-2026 08:35,31.3,393
26-02-2026 08:35,31.2,393
26-02-2026 08:35,31.4,393
26-02-2026 08:35,31.3,393
26-02-2026 08:35,31.4,393
26-02-2026 08:35,31.4,394
26-02-2026 08:35,31.4,394
26-02-2026 08:35,31.4,394
26-02-2026 08:35,31.4,394
26-02-2026 08:35,31.4,394
26-02-2026 08:35,31.4,394
26-02-2026 08:35,31.5,393
26-02-2026 08:35,31.4,393
26-02-2026 08:35,31.6,393
26-02-2026 08:35,31.5,394
26-02-2026 08:35,31.6,393
26-02-2026 08:35,31.6,394
26-02-2026 08:35,31.7,394
26-02-2026 08:35,31.6,394
26-02-2026 08:35,31.7,394
26-02-2026 08:36,31.7,393
26-02-2026 08:36,31.6,393
26-02-2026 08:36,31.7,393
26-02-2026 08:36,31.7,393
26-02-2026 08:36,31.7,393
26-02-2026 08:36,31.8,394
26-02-2026 08:36,31.8,394
26-02-2026 08:36,31.8,394
26-02-2026 08:36,31.7,394
26-02-2026 08:36,31.8,393
26-02-2026 08:36,31.8,393
26-02-2026 08:36,31.8,393
26-02-2026 08:36,31.9,393
26-02-2026 08:36,31.9,393
26-02-2026 08:36,31.9,393
26-02-2026 08:36,31.9,393
26-02-2026 08:36,31.9,394
26-02-2026 08:36,32,394
26-02-2026 08:36,32,394
26-02-2026 08:36,32,394
26-02-2026 08:36,31.9,393
26-02-2026 08:36,31.9,393
26-02-2026 08:36,31.8,393
26-02-2026 08:36,31.9,393
26-02-2026 08:36,32,393
26-02-2026 08:36,32,394
26-02-2026 08:36,32,394
26-02-2026 08:36,32.1,394
26-02-2026 08:36,32,394
26-02-2026 08:36,32.1,393
26-02-2026 08:36,32,393
26-02-2026 08:36,32,393
26-02-2026 08:36,32,393
26-02-2026 08:36,32,393
26-02-2026 08:36,31.9,393
26-02-2026 08:36,32.1,394
26-02-2026 08:36,32.1,394
26-02-2026 08:36,32.2,394
26-02-2026 08:36,32.1,394
26-02-2026 08:36,32.1,393
26-02-2026 08:36,32,393
26-02-2026 08:36,32.1,393
26-02-2026 08:36,32.1,394
26-02-2026 08:36,32.1,394
26-02-2026 08:36,32.2,394
26-02-2026 08:36,32.2,394
26-02-2026 08:36,32.2,394
26-02-2026 08:36,32.2,393
26-02-2026 08:36,32.1,394
26-02-2026 08:36,32.1,393
26-02-2026 08:36,32.2,393
26-02-2026 08:36,32.2,393
26-02-2026 08:36,32.2,393
26-02-2026 08:36,32.3,393
26-02-2026 08:36,32.2,394
26-02-2026 08:36,32.3,393
26-02-2026 08:36,32.2,394
26-02-2026 08:36,32.2,394
26-02-2026 08:36,32.2,393
26-02-2026 08:37,32.2,393
26-02-2026 08:37,32.3,393
26-02-2026 08:37,32.2,393
26-02-2026 08:37,32.2,393
26-02-2026 08:37,32.2,393
26-02-2026 08:37,32.3,394
26-02-2026 08:37,32.3,394
26-02-2026 08:37,32.2,394
26-02-2026 08:37,32.4,393
26-02-2026 08:37,32.3,394
26-02-2026 08:37,32.3,393
26-02-2026 08:37,32.4,393
26-02-2026 08:37,32.3,393
26-02-2026 08:37,32.4,393
26-02-2026 08:37,32.4,394
26-02-2026 08:37,32.3,394
26-02-2026 08:37,32.3,394
26-02-2026 08:37,32.4,394
26-02-2026 08:37,32.3,394
26-02-2026 08:37,32.3,393
26-02-2026 08:37,32.4,393
26-02-2026 08:37,32.3,393
26-02-2026 08:37,32.5,393
26-02-2026 08:37,32.4,394
26-02-2026 08:37,32.4,393
26-02-2026 08:37,32.5,394
26-02-2026 08:37,32.4,393
26-02-2026 08:37,32.5,394
26-02-2026 08:37,32.4,393
26-02-2026 08:37,32.5,393
26-02-2026 08:37,32.6,393
26-02-2026 08:37,32.6,394
26-02-2026 08:37,32.5,393
26-02-2026 08:37,32.5,393
26-02-2026 08:37,32.5,394
26-02-2026 08:37,32.5,394
26-02-2026 08:37,32.6,393
26-02-2026 08:37,32.5,393
26-02-2026 08:37,32.5,393
26-02-2026 08:37,32.4,393
26-02-2026 08:37,32.5,393
26-02-2026 08:37,32.5,393
26-02-2026 08:37,32.5,394
26-02-2026 08:37,32.6,394
26-02-2026 08:37,32.5,394
26-02-2026 08:37,32.5,394
26-02-2026 08:37,32.5,394
26-02-2026 08:37,32.5,393
26-02-2026 08:37,32.5,393
26-02-2026 08:37,32.5,393
26-02-2026 08:37,32.5,393
26-02-2026 08:37,32.5,393
26-02-2026 08:37,32.5,394
26-02-2026 08:37,32.5,393
26-02-2026 08:37,32.5,393
26-02-2026 08:37,32.6,394
26-02-2026 08:37,32.6,394
26-02-2026 08:37,32.5,393
26-02-2026 08:38,32.6,393
26-02-2026 08:38,32.5,393
26-02-2026 08:38,32.5,393
26-02-2026 08:38,32.6,393
26-02-2026 08:38,32.6,394
26-02-2026 08:38,32.6,394
26-02-2026 08:38,32.6,393
26-02-2026 08:38,32.5,394
26-02-2026 08:38,32.6,393
26-02-2026 08:38,32.7,393
26-02-2026 08:38,32.5,393
26-02-2026 08:38,32.6,393
26-02-2026 08:38,32.6,393
26-02-2026 08:38,32.6,393
26-02-2026 08:38,32.6,393
26-02-2026 08:38,32.6,393
26-02-2026 08:38,32.7,393
26-02-2026 08:38,32.5,394
26-02-2026 08:38,32.6,394
26-02-2026 08:38,32.5,394
26-02-2026 08:38,32.5,394
26-02-2026 08:38,32.5,393
26-02-2026 08:38,32.5,394
26-02-2026 08:38,32.6,394
26-02-2026 08:38,32.5,393
26-02-2026 08:38,32.6,393
26-02-2026 08:38,32.6,393
26-02-2026 08:38,32.6,394
26-02-2026 08:38,32.6,394
26-02-2026 08:38,32.6,394
26-02-2026 08:38,32.6,394
26-02-2026 08:38,32.6,393
26-02-2026 08:38,32.6,393
26-02-2026 08:38,32.5,393
26-02-2026 08:38,32.5,393
26-02-2026 08:38,32.6,393
26-02-2026 08:38,32.6,394
26-02-2026 08:38,32.6,393
26-02-2026 08:38,32.5,394
26-02-2026 08:38,32.6,394
26-02-2026 08:38,32.6,393
26-02-2026 08:38,32.5,393
26-02-2026 08:38,32.5,393
26-02-2026 08:38,32.5,393
26-02-2026 08:38,32.6,393
26-02-2026 08:38,32.6,393
26-02-2026 08:38,32.6,393
26-02-2026 08:38,32.6,393
26-02-2026 08:38,32.6,394
26-02-2026 08:38,32.6,393
26-02-2026 08:38,32.5,393
26-02-2026 08:38,32.6,394
26-02-2026 08:38,32.5,393
26-02-2026 08:38,32.6,393
26-02-2026 08:38,32.6,393
26-02-2026 08:38,32.6,393
26-02-2026 08:38,32.6,393
26-02-2026 08:39,32.6,393
26-02-2026 08:39,32.6,394
26-02-2026 08:39,32.5,394
26-02-2026 08:39,32.6,393
26-02-2026 08:39,32.5,393
26-02-2026 08:39,32.6,393
26-02-2026 08:39,32.7,393
26-02-2026 08:39,32.6,394
26-02-2026 08:39,32.6,393
26-02-2026 08:39,32.6,394
26-02-2026 08:39,32.6,393
26-02-2026 08:39,32.6,393
26-02-2026 08:39,32.5,393
26-02-2026 08:39,32.5,393
26-02-2026 08:39,32.6,393
26-02-2026 08:39,32.7,393
26-02-2026 08:39,32.7,393
26-02-2026 08:39,32.7,393
26-02-2026 08:39,32.6,393
26-02-2026 08:39,32.5,393
26-02-2026 08:39,32.6,394
26-02-2026 08:39,32.6,394
26-02-2026 08:39,32.6,393
26-02-2026 08:39,32.6,393
26-02-2026 08:39,32.6,393
26-02-2026 08:39,32.6,393
26-02-2026 08:39,32.6,393
26-02-2026 08:39,32.6,393
26-02-2026 08:39,32.6,393
26-02-2026 08:39,32.6,394
26-02-2026 08:39,32.6,394
26-02-2026 08:39,32.6,394
26-02-2026 08:39,32.6,393
26-02-2026 08:39,32.6,393
26-02-2026 08:39,32.6,393
26-02-2026 08:39,32.6,393
26-02-2026 08:39,32.6,393
26-02-2026 08:39,32.6,393
26-02-2026 08:39,32.6,393
26-02-2026 08:39,32.5,393
26-02-2026 08:39,32.6,393
26-02-2026 08:39,32.6,393
26-02-2026 08:39,32.5,393
26-02-2026 08:39,32.6,393
26-02-2026 08:39,32.6,393
26-02-2026 08:39,32.5,393
26-02-2026 08:39,32.6,393
26-02-2026 08:39,32.6,393
26-02-2026 08:39,32.6,393
26-02-2026 08:39,32.6,393
26-02-2026 08:39,32.6,393
26-02-2026 08:39,32.6,394
26-02-2026 08:39,32.6,393
26-02-2026 08:39,32.6,393
26-02-2026 08:39,32.6,393
26-02-2026 08:39,32.6,393
26-02-2026 08:39,32.7,393
26-02-2026 08:39,32.6,393
26-02-2026 08:39,32.6,394
26-02-2026 08:40,32.6,394
26-02-2026 08:40,32.6,394
26-02-2026 08:40,32.6,394
26-02-2026 08:40,32.6,393
26-02-2026 08:40,32.6,393
26-02-2026 08:40,32.6,393
26-02-2026 08:40,32.8,393
26-02-2026 08:40,32.6,393
26-02-2026 08:40,32.7,393
26-02-2026 08:40,32.8,393
26-02-2026 08:40,32.6,393
26-02-2026 08:40,32.8,394
26-02-2026 08:40,32.6,394
26-02-2026 08:40,32.6,393
26-02-2026 08:40,32.6,393
26-02-2026 08:40,32.6,393
26-02-2026 08:40,32.7,393
26-02-2026 08:40,32.7,393
26-02-2026 08:40,32.6,393
26-02-2026 08:40,32.6,393
26-02-2026 08:40,32.6,393
26-02-2026 08:40,32.7,393
26-02-2026 08:40,32.6,393
26-02-2026 08:40,32.6,393
26-02-2026 08:40,32.6,393
26-02-2026 08:40,32.6,393
26-02-2026 08:40,32.7,393
26-02-2026 08:40,32.7,393
26-02-2026 08:40,32.7,393
26-02-2026 08:40,32.6,393
26-02-2026 08:40,32.5,393
26-02-2026 08:40,32.6,393
26-02-2026 08:40,32.6,393
26-02-2026 08:40,32.6,393
26-02-2026 08:40,32.6,393
26-02-2026 08:40,32.6,393
26-02-2026 08:40,32.7,393
26-02-2026 08:40,32.6,393
26-02-2026 08:40,32.7,393
26-02-2026 08:40,32.6,393
26-02-2026 08:40,32.6,393
26-02-2026 08:40,32.7,393
26-02-2026 08:40,32.6,393
26-02-2026 08:40,32.7,393
26-02-2026 08:40,32.6,393
26-02-2026 08:40,32.6,393
26-02-2026 08:40,32.6,393
26-02-2026 08:40,32.7,394
26-02-2026 08:40,32.6,393
26-02-2026 08:40,32.6,393
26-02-2026 08:40,32.7,393
26-02-2026 08:40,32.7,393
26-02-2026 08:40,32.6,393
26-02-2026 08:40,32.7,393
26-02-2026 08:40,32.7,393
26-02-2026 08:40,32.7,393
26-02-2026 08:40,32.6,393
26-02-2026 08:40,32.7,394
26-02-2026 08:41,32.7,393
26-02-2026 08:41,32.7,394
26-02-2026 08:41,32.7,393
26-02-2026 08:41,32.6,393
26-02-2026 08:41,32.7,393
26-02-2026 08:41,32.6,393
26-02-2026 08:41,32.7,393
26-02-2026 08:41,32.6,393
26-02-2026 08:41,32.7,393
26-02-2026 08:41,32.7,393
26-02-2026 08:41,32.7,394
26-02-2026 08:41,32.7,393
26-02-2026 08:41,32.7,393
26-02-2026 08:41,32.6,393
26-02-2026 08:41,32.7,393
26-02-2026 08:41,32.7,393
26-02-2026 08:41,32.7,393
26-02-2026 08:41,32.6,393
26-02-2026 08:41,32.7,393
26-02-2026 08:41,32.7,394
26-02-2026 08:41,32.6,393
26-02-2026 08:41,32.8,394
26-02-2026 08:41,32.7,393
26-02-2026 08:41,32.6,393
26-02-2026 08:41,32.7,393
26-02-2026 08:41,32.8,393
26-02-2026 08:41,32.7,393
26-02-2026 08:41,32.6,393
26-02-2026 08:41,32.7,393
26-02-2026 08:41,32.7,393
26-02-2026 08:41,32.6,393
26-02-2026 08:41,32.6,393
26-02-2026 08:41,32.7,393
26-02-2026 08:41,32.7,393
26-02-2026 08:41,32.7,393
26-02-2026 08:41,32.7,393
26-02-2026 08:41,32.7,393
26-02-2026 08:41,32.7,393
26-02-2026 08:41,32.8,394
26-02-2026 08:41,32.7,394
26-02-2026 08:41,32.7,393
26-02-2026 08:41,32.6,393
26-02-2026 08:41,32.7,393
26-02-2026 08:41,32.7,393
26-02-2026 08:41,32.7,393
26-02-2026 08:41,32.7,393
26-02-2026 08:41,32.7,393
26-02-2026 08:41,32.7,393
26-02-2026 08:41,32.7,393
26-02-2026 08:41,32.8,393
26-02-2026 08:41,32.7,393
26-02-2026 08:41,32.8,393
26-02-2026 08:41,32.7,393
26-02-2026 08:41,32.7,393
26-02-2026 08:41,32.7,393
26-02-2026 08:41,32.6,393
26-02-2026 08:41,32.7,393
26-02-2026 08:41,32.8,393
26-02-2026 08:42,32.7,393
26-02-2026 08:42,32.7,393
26-02-2026 08:42,32.7,393
26-02-2026 08:42,32.7,393
26-02-2026 08:42,32.6,393
26-02-2026 08:42,32.7,393
26-02-2026 08:42,32.8,393
26-02-2026 08:42,32.6,393
26-02-2026 08:42,32.7,393
26-02-2026 08:42,32.7,394
26-02-2026 08:42,32.7,394
26-02-2026 08:42,32.7,394
26-02-2026 08:42,32.7,393
26-02-2026 08:42,32.6,393
26-02-2026 08:42,32.7,393
26-02-2026 08:42,32.6,393
26-02-2026 08:42,32.7,393
26-02-2026 08:42,32.7,393
26-02-2026 08:42,32.7,393
26-02-2026 08:42,32.6,393
26-02-2026 08:42,32.7,393
26-02-2026 08:42,32.6,393
26-02-2026 08:42,32.7,393
26-02-2026 08:42,32.7,393
26-02-2026 08:42,32.6,393
26-02-2026 08:42,32.7,393
26-02-2026 08:42,32.7,393
26-02-2026 08:42,32.7,393
26-02-2026 08:42,32.6,393
26-02-2026 08:42,32.6,394
26-02-2026 08:42,32.6,393
26-02-2026 08:42,32.6,393
26-02-2026 08:42,32.6,393
26-02-2026 08:42,32.6,393
26-02-2026 08:42,32.6,393
26-02-2026 08:42,32.6,393
26-02-2026 08:42,32.6,393
26-02-2026 08:42,32.6,393
26-02-2026 08:42,32.6,393
26-02-2026 08:42,32.6,394
26-02-2026 08:42,32.6,393
26-02-2026 08:42,32.6,393
26-02-2026 08:42,32.6,393
26-02-2026 08:42,32.6,393
26-02-2026 08:42,32.7,393
26-02-2026 08:42,32.7,393
26-02-2026 08:42,32.5,393
26-02-2026 08:42,32.6,393
26-02-2026 08:42,32.6,393
26-02-2026 08:42,32.6,394
26-02-2026 08:42,32.6,393
26-02-2026 08:42,32.6,393
26-02-2026 08:42,32.6,393
26-02-2026 08:43,32.6,393
26-02-2026 08:43,32.6,393
26-02-2026 08:43,32.6,393
26-02-2026 08:43,32.6,393
26-02-2026 08:43,32.5,393
26-02-2026 08:43,32.7,393
26-02-2026 08:43,32.6,394
26-02-2026 08:43,32.6,393
26-02-2026 08:43,32.6,393
26-02-2026 08:43,32.6,393
26-02-2026 08:43,32.7,393
26-02-2026 08:43,32.7,393
26-02-2026 08:43,32.7,393
26-02-2026 08:43,32.7,393
26-02-2026 08:43,32.6,393
26-02-2026 08:43,32.5,393
26-02-2026 08:43,32.5,393
26-02-2026 08:43,32.6,393
26-02-2026 08:43,32.6,393
26-02-2026 08:43,32.7,393
26-02-2026 08:43,32.6,393
26-02-2026 08:43,32.6,393
26-02-2026 08:43,32.6,393
26-02-2026 08:43,32.6,393
26-02-2026 08:43,32.6,393
26-02-2026 08:43,32.6,393
26-02-2026 08:43,32.6,393
26-02-2026 08:43,32.6,393
26-02-2026 08:43,32.6,393
26-02-2026 08:43,32.5,393
26-02-2026 08:43,32.7,393
26-02-2026 08:43,32.6,393
26-02-2026 08:43,32.6,393
26-02-2026 08:43,32.7,393
26-02-2026 08:43,32.6,393
26-02-2026 08:43,32.6,393
26-02-2026 08:43,32.6,393
26-02-2026 08:43,32.6,393
26-02-2026 08:43,32.6,393
26-02-2026 08:43,32.7,393
26-02-2026 08:43,32.7,393
26-02-2026 08:43,32.6,393
26-02-2026 08:43,32.7,393
26-02-2026 08:43,32.6,393
26-02-2026 08:43,32.6,393
26-02-2026 08:43,32.7,393
26-02-2026 08:43,32.7,393
26-02-2026 08:43,32.7,393
26-02-2026 08:43,32.6,393
26-02-2026 08:43,32.6,393
26-02-2026 08:43,32.6,393
26-02-2026 08:43,32.6,393
26-02-2026 08:43,32.6,394
26-02-2026 08:43,32.7,393
26-02-2026 08:43,32.6,393
26-02-2026 08:43,32.6,393
26-02-2026 08:43,32.6,393
26-02-2026 08:43,32.6,393
26-02-2026 08:43,32.7,393
26-02-2026 08:43,32.6,393
26-02-2026 08:43,32.6,393
26-02-2026 08:43,32.6,393
26-02-2026 08:43,32.5,393
26-02-2026 08:43,32.6,394
26-02-2026 08:44,32.6,393
26-02-2026 08:44,32.7,393
26-02-2026 08:44,32.6,393
26-02-2026 08:44,32.7,393
26-02-2026 08:44,32.6,393
26-02-2026 08:44,32.6,393
26-02-2026 08:44,32.6,393
26-02-2026 08:44,32.6,393
26-02-2026 08:44,32.5,393
26-02-2026 08:44,32.6,393
26-02-2026 08:44,32.7,393
26-02-2026 08:44,32.6,393
26-02-2026 08:44,32.7,393
26-02-2026 08:44,32.6,393
26-02-2026 08:44,32.6,393
26-02-2026 08:44,32.6,393
26-02-2026 08:44,32.6,393
26-02-2026 08:44,32.6,393
26-02-2026 08:44,32.6,393
26-02-2026 08:44,32.6,393
26-02-2026 08:44,32.6,393
26-02-2026 08:44,32.6,393
26-02-2026 08:44,32.7,393
26-02-2026 08:44,32.6,393
26-02-2026 08:44,32.6,393
26-02-2026 08:44,32.7,393
26-02-2026 08:44,32.6,393
26-02-2026 08:44,32.7,393
26-02-2026 08:44,32.6,393
26-02-2026 08:44,32.6,393
26-02-2026 08:44,32.6,393
26-02-2026 08:44,32.5,393
26-02-2026 08:44,32.6,393
26-02-2026 08:44,32.5,393
26-02-2026 08:44,32.5,393
26-02-2026 08:44,32.6,393
26-02-2026 08:44,32.5,393
26-02-2026 08:44,32.6,393
26-02-2026 08:44,32.6,393
26-02-2026 08:44,32.6,393
26-02-2026 08:44,32.6,393
26-02-2026 08:44,32.6,393
26-02-2026 08:44,32.6,393
26-02-2026 08:44,32.6,393
26-02-2026 08:44,32.6,393
26-02-2026 08:44,32.6,393
26-02-2026 08:44,32.6,393
26-02-2026 08:44,32.6,393
26-02-2026 08:44,32.6,393
26-02-2026 08:44,32.6,393
26-02-2026 08:44,32.7,394
26-02-2026 08:44,32.7,393
26-02-2026 08:44,32.6,393
26-02-2026 08:44,32.6,393
26-02-2026 08:44,32.6,393
26-02-2026 08:44,32.5,393
26-02-2026 08:44,32.6,393
26-02-2026 08:44,32.6,393
26-02-2026 08:45,32.6,393
26-02-2026 08:45,32.6,393
26-02-2026 08:45,32.6,393
26-02-2026 08:45,32.6,393
26-02-2026 08:45,32.6,393
26-02-2026 08:45,32.6,393
26-02-2026 08:45,32.4,393
26-02-2026 08:45,32.6,393
26-02-2026 08:45,32.6,393
26-02-2026 08:45,32.7,393
26-02-2026 08:45,32.6,393
26-02-2026 08:45,32.7,393
26-02-2026 08:45,32.6,393
26-02-2026 08:45,32.6,393
26-02-2026 08:45,32.5,393
26-02-2026 08:45,32.6,393
26-02-2026 08:45,32.6,393
26-02-2026 08:45,32.6,393
26-02-2026 08:45,32.5,393
26-02-2026 08:45,32.6,393
26-02-2026 08:45,32.6,393
26-02-2026 08:45,32.6,393
26-02-2026 08:45,32.6,393
26-02-2026 08:45,32.6,393
26-02-2026 08:45,32.6,393
26-02-2026 08:45,32.5,393
26-02-2026 08:45,32.6,393
26-02-2026 08:45,32.6,393
26-02-2026 08:45,32.6,393
26-02-2026 08:45,32.6,393
26-02-2026 08:45,32.6,393
26-02-2026 08:45,32.6,393
26-02-2026 08:45,32.6,393
26-02-2026 08:45,32.6,393
26-02-2026 08:45,32.7,393
26-02-2026 08:45,32.6,393
26-02-2026 08:45,32.4,393
26-02-2026 08:45,32.7,393
26-02-2026 08:45,32.7,393
26-02-2026 08:45,32.6,393
26-02-2026 08:45,32.7,393
26-02-2026 08:45,32.6,393
26-02-2026 08:45,32.6,393
26-02-2026 08:45,32.6,393
26-02-2026 08:45,32.6,393
26-02-2026 08:45,32.6,393
26-02-2026 08:45,32.4,393
26-02-2026 08:45,30.7,393
26-02-2026 08:45,27.9,393
26-02-2026 08:45,25.1,393
26-02-2026 08:45,22.6,393
26-02-2026 08:45,20.3,393
26-02-2026 08:45,18,393
26-02-2026 08:45,14.9,0
26-02-2026 08:45,11.8,0
26-02-2026 08:45,8.99,0.15
26-02-2026 08:45,6.21,0.0375
26-02-2026 08:45,3.73,0
26-02-2026 08:45,1.17,0
26-02-2026 08:46,0.714,0
26-02-2026 08:46,0.722,0
26-02-2026 08:46,0.695,0
26-02-2026 08:46,0.662,0.15
26-02-2026 08:46,0.65,0
26-02-2026 08:46,0.673,0.113
26-02-2026 08:46,0.639,0.0375
26-02-2026 08:46,0.673,101
26-02-2026 08:46,1.04,100
26-02-2026 08:46,1.14,100
26-02-2026 08:46,1.2,128
26-02-2026 08:46,1.27,128
26-02-2026 08:46,1.16,128
26-02-2026 08:46,1.17,128
26-02-2026 08:46,1.31,128
26-02-2026 08:46,1.22,128
26-02-2026 08:46,1.22,128
26-02-2026 08:46,1.21,128
26-02-2026 08:46,1.33,128
26-02-2026 08:46,1.33,128
26-02-2026 08:46,1.26,128
26-02-2026 08:46,1.29,128
26-02-2026 08:46,1.32,128
26-02-2026 08:46,1.21,128
26-02-2026 08:46,1.2,128
26-02-2026 08:46,1.25,128
26-02-2026 08:46,1.29,128
26-02-2026 08:46,1.17,128
26-02-2026 08:46,1.27,128
26-02-2026 08:46,1.15,128
26-02-2026 08:46,1.31,128
26-02-2026 08:46,1.27,128
26-02-2026 08:46,1.31,128
26-02-2026 08:46,1.29,128
26-02-2026 08:46,1.26,128
26-02-2026 08:46,1.21,128
26-02-2026 08:46,1.3,128
26-02-2026 08:46,1.28,128
26-02-2026 08:46,1.25,128
26-02-2026 08:46,1.38,128
26-02-2026 08:46,1.25,128
26-02-2026 08:46,1.2,128
26-02-2026 08:46,1.36,128
26-02-2026 08:46,1.31,128
26-02-2026 08:46,1.29,128
26-02-2026 08:46,1.49,128
26-02-2026 08:46,1.46,128
26-02-2026 08:46,1.38,128
26-02-2026 08:46,1.29,128
26-02-2026 08:46,1.48,128
26-02-2026 08:46,1.48,128
26-02-2026 08:46,1.47,128
26-02-2026 08:46,1.48,128
26-02-2026 08:46,1.48,128
26-02-2026 08:46,1.6,128
26-02-2026 08:46,1.57,128
26-02-2026 08:46,1.61,128
26-02-2026 08:46,1.53,128
26-02-2026 08:46,1.57,128
26-02-2026 08:47,1.63,128
26-02-2026 08:47,1.8,128
26-02-2026 08:47,2.14,128
26-02-2026 08:47,1.63,128
26-02-2026 08:47,1.67,128
26-02-2026 08:47,2.07,128
26-02-2026 08:47,2.22,128
26-02-2026 08:47,2.12,128
26-02-2026 08:47,2.21,128
26-02-2026 08:47,2.2,128
26-02-2026 08:47,2.27,128
26-02-2026 08:47,2.2,128
26-02-2026 08:47,2.24,128
26-02-2026 08:47,2.24,128
26-02-2026 08:47,2.18,128
26-02-2026 08:47,2.24,128
26-02-2026 08:47,2.21,128
26-02-2026 08:47,2.23,128
26-02-2026 08:47,2.3,128
26-02-2026 08:47,2.21,128
26-02-2026 08:47,2.24,128
26-02-2026 08:47,2.19,128
26-02-2026 08:47,2.28,128
26-02-2026 08:47,2.35,128
26-02-2026 08:47,2.23,128
26-02-2026 08:47,2.31,128
26-02-2026 08:47,2.22,128
26-02-2026 08:47,2.27,128
26-02-2026 08:47,2.23,128
26-02-2026 08:47,2.24,128
26-02-2026 08:47,2.55,218
26-02-2026 08:47,3.05,247
26-02-2026 08:47,3.29,247
26-02-2026 08:47,3.69,256
26-02-2026 08:47,3.94,276
26-02-2026 08:47,4.34,286
26-02-2026 08:47,4.7,305
26-02-2026 08:47,4.98,305
26-02-2026 08:47,5.35,305
26-02-2026 08:47,5.75,305
26-02-2026 08:47,6.04,305
26-02-2026 08:47,6.51,305
26-02-2026 08:47,6.92,305
26-02-2026 08:47,7.44,305
26-02-2026 08:47,7.64,305
26-02-2026 08:47,8.08,305
26-02-2026 08:47,8.47,305
26-02-2026 08:47,8.73,306
26-02-2026 08:47,9.15,305
26-02-2026 08:47,9.49,305
26-02-2026 08:47,9.68,305
26-02-2026 08:47,10.1,305
26-02-2026 08:47,10.3,305
26-02-2026 08:47,10.7,305
26-02-2026 08:47,10.8,305
26-02-2026 08:47,11.2,306
26-02-2026 08:47,11.5,306
26-02-2026 08:47,11.9,306
26-02-2026 08:47,12.1,305
26-02-2026 08:48,12.4,305
26-02-2026 08:48,12.5,305
26-02-2026 08:48,12.8,305
26-02-2026 08:48,13.1,305
26-02-2026 08:48,13.3,305
26-02-2026 08:48,13.5,305
26-02-2026 08:48,13.7,306
26-02-2026 08:48,13.9,305
26-02-2026 08:48,14.2,305
26-02-2026 08:48,14.4,306
26-02-2026 08:48,14.7,305
26-02-2026 08:48,14.8,305
26-02-2026 08:48,13.8,305
26-02-2026 08:48,11.8,305
26-02-2026 08:48,10,305
26-02-2026 08:48,8.14,305
26-02-2026 08:48,6.55,305
26-02-2026 08:48,4.97,305
26-02-2026 08:48,3.69,305
26-02-2026 08:48,2.05,305
26-02-2026 08:48,1.52,305
26-02-2026 08:48,1.89,305
26-02-2026 08:48,2.82,305
26-02-2026 08:48,3.42,305
26-02-2026 08:48,3.85,305
26-02-2026 08:48,4.16,306
26-02-2026 08:48,4.49,306
26-02-2026 08:48,4.76,306
26-02-2026 08:48,5.15,306
26-02-2026 08:48,5.45,305
26-02-2026 08:48,5.91,305
26-02-2026 08:48,6.39,305
26-02-2026 08:48,6.55,305
26-02-2026 08:48,6.82,305
26-02-2026 08:48,7.14,305
26-02-2026 08:48,7.58,305
26-02-2026 08:48,8.04,305
26-02-2026 08:48,8.2,305
26-02-2026 08:48,8.51,305
26-02-2026 08:48,8.99,305
26-02-2026 08:48,8.85,305
26-02-2026 08:48,9.48,305
26-02-2026 08:48,9.92,305
26-02-2026 08:48,9.9,305
26-02-2026 08:48,10.4,305
26-02-2026 08:48,10.5,306
26-02-2026 08:48,10.8,306
26-02-2026 08:48,11.2,305
26-02-2026 08:48,11.5,305
26-02-2026 08:48,11.5,305
26-02-2026 08:48,11.8,305
26-02-2026 08:48,12,305
26-02-2026 08:48,12.2,305
26-02-2026 08:48,12.4,305
26-02-2026 08:48,12.6,305
26-02-2026 08:48,12.9,305
26-02-2026 08:48,13.3,305
26-02-2026 08:48,13.3,305
26-02-2026 08:49,13.4,305
26-02-2026 08:49,13.8,305
26-02-2026 08:49,13.8,305
26-02-2026 08:49,14.1,305
26-02-2026 08:49,14.3,305
26-02-2026 08:49,14.4,305
26-02-2026 08:49,14.4,305
26-02-2026 08:49,14.7,306
26-02-2026 08:49,14.8,305
26-02-2026 08:49,15,305
26-02-2026 08:49,15.2,305
26-02-2026 08:49,15.3,305
26-02-2026 08:49,15.5,305
26-02-2026 08:49,15.6,305
26-02-2026 08:49,15.8,305
26-02-2026 08:49,15.9,305
26-02-2026 08:49,16.1,306
26-02-2026 08:49,16.3,306
26-02-2026 08:49,16.4,305
26-02-2026 08:49,16.5,306
26-02-2026 08:49,16.5,305
26-02-2026 08:49,16.8,305
26-02-2026 08:49,16.9,305
26-02-2026 08:49,16.9,305
26-02-2026 08:49,17.1,305
26-02-2026 08:49,17.2,305
26-02-2026 08:49,17.4,306
26-02-2026 08:49,17.6,305
26-02-2026 08:49,17.6,306
26-02-2026 08:49,17.7,305
26-02-2026 08:49,17.8,305
26-02-2026 08:49,17.9,305
26-02-2026 08:49,18,305
26-02-2026 08:49,18.1,305
26-02-2026 08:49,18.3,305
26-02-2026 08:49,18.4,305
26-02-2026 08:49,18.4,306
26-02-2026 08:49,18.5,305
26-02-2026 08:49,18.7,306
26-02-2026 08:49,18.8,305
26-02-2026 08:49,18.8,305
26-02-2026 08:49,19,305
26-02-2026 08:49,19.1,305
26-02-2026 08:49,19.2,305
26-02-2026 08:49,19.2,305
26-02-2026 08:49,19.3,305
26-02-2026 08:49,19.5,306
26-02-2026 08:49,19.5,305
26-02-2026 08:49,19.6,305
26-02-2026 08:49,19.7,305
26-02-2026 08:49,19.8,305
26-02-2026 08:49,19.9,305
26-02-2026 08:49,20,305
26-02-2026 08:49,20,305
26-02-2026 08:49,20.2,305
26-02-2026 08:49,20.2,305
26-02-2026 08:49,20.3,306
26-02-2026 08:49,20.4,306
26-02-2026 08:49,20.5,305
26-02-2026 08:50,20.5,305
26-02-2026 08:50,20.7,305
26-02-2026 08:50,20.6,305
26-02-2026 08:50,20.7,305
26-02-2026 08:50,20.8,305
26-02-2026 08:50,20.9,306
26-02-2026 08:50,21,306
26-02-2026 08:50,21.1,305
26-02-2026 08:50,21.2,305
26-02-2026 08:50,21.3,306
26-02-2026 08:50,21.3,305
26-02-2026 08:50,21.3,305
26-02-2026 08:50,21.4,305
26-02-2026 08:50,21.4,305
26-02-2026 08:50,21.5,305
26-02-2026 08:50,21.6,305
26-02-2026 08:50,21.6,305
26-02-2026 08:50,21.7,306
26-02-2026 08:50,21.7,305
26-02-2026 08:50,20.8,305
26-02-2026 08:50,17.8,305
26-02-2026 08:50,14.9,305
26-02-2026 08:50,12.1,305
26-02-2026 08:50,9.36,305
26-02-2026 08:50,6.97,305
26-02-2026 08:50,4.53,306
26-02-2026 08:50,2.71,305
26-02-2026 08:50,1.64,305
26-02-2026 08:50,1.45,305
26-02-2026 08:50,2.01,305
26-02-2026 08:50,2.19,305
26-02-2026 08:50,3.03,305
26-02-2026 08:50,3.52,305
26-02-2026 08:50,3.74,305
26-02-2026 08:50,4.22,305
26-02-2026 08:50,4.47,306
26-02-2026 08:50,4.8,305
26-02-2026 08:50,5.14,305
26-02-2026 08:50,5.53,305
26-02-2026 08:50,5.87,305
26-02-2026 08:50,6.25,305
26-02-2026 08:50,6.44,305
26-02-2026 08:50,6.85,305
26-02-2026 08:50,7.16,305
26-02-2026 08:50,7.47,305
26-02-2026 08:50,7.8,305
26-02-2026 08:50,8.09,306
26-02-2026 08:50,8.31,305
26-02-2026 08:50,8.67,305
26-02-2026 08:50,8.88,305
26-02-2026 08:50,9.15,305
26-02-2026 08:50,9.49,305
26-02-2026 08:50,9.66,305
26-02-2026 08:50,9.91,305
26-02-2026 08:50,10.3,305
26-02-2026 08:50,10.5,305
26-02-2026 08:50,10.7,306
26-02-2026 08:50,11,305
26-02-2026 08:50,11.2,305
26-02-2026 08:51,11.5,305
26-02-2026 08:51,11.7,305
26-02-2026 08:51,11.8,305
26-02-2026 08:51,12.1,305
26-02-2026 08:51,12.3,305
26-02-2026 08:51,12.5,305
26-02-2026 08:51,12.7,305
26-02-2026 08:51,12.8,305
26-02-2026 08:51,13.2,305
26-02-2026 08:51,13.3,305
26-02-2026 08:51,13.4,305
26-02-2026 08:51,13.5,305
26-02-2026 08:51,13.6,305
26-02-2026 08:51,13.8,305
26-02-2026 08:51,13.9,305
26-02-2026 08:51,14,305
26-02-2026 08:51,14.4,306
26-02-2026 08:51,14.3,305
26-02-2026 08:51,14.5,305
26-02-2026 08:51,14.6,305
26-02-2026 08:51,14.8,305
26-02-2026 08:51,14.9,305
26-02-2026 08:51,14.9,305
26-02-2026 08:51,15.2,305
26-02-2026 08:51,15.3,305
26-02-2026 08:51,15.5,305
26-02-2026 08:51,15.6,306
26-02-2026 08:51,15.7,305
26-02-2026 08:51,15.8,305
26-02-2026 08:51,15.9,305
26-02-2026 08:51,16.1,305
26-02-2026 08:51,16.1,305
26-02-2026 08:51,16.2,305
26-02-2026 08:51,16.4,305
26-02-2026 08:51,16.5,305
26-02-2026 08:51,16.6,305
26-02-2026 08:51,16.9,305
26-02-2026 08:51,16.9,305
26-02-2026 08:51,16.9,305
26-02-2026 08:51,17.1,305
26-02-2026 08:51,17.1,305
26-02-2026 08:51,17.2,305
26-02-2026 08:51,17.4,305
26-02-2026 08:51,17.4,305
26-02-2026 08:51,17.6,305
26-02-2026 08:51,17.6,305
26-02-2026 08:51,17.7,306
26-02-2026 08:51,17.8,305
26-02-2026 08:51,17.9,305
26-02-2026 08:51,17.9,305
26-02-2026 08:51,18.1,305
26-02-2026 08:51,18.2,305
26-02-2026 08:51,18.2,305
26-02-2026 08:51,18.3,305
26-02-2026 08:51,18.4,305
26-02-2026 08:51,18.6,305
26-02-2026 08:51,18.5,305
26-02-2026 08:51,18.6,305
26-02-2026 08:52,18.7,305
26-02-2026 08:52,18.8,305
26-02-2026 08:52,18.8,305
26-02-2026 08:52,19,305
26-02-2026 08:52,19,305
26-02-2026 08:52,19,305
26-02-2026 08:52,19.1,305
26-02-2026 08:52,19.2,305
26-02-2026 08:52,19.3,305
26-02-2026 08:52,19.5,305
26-02-2026 08:52,19.4,305
26-02-2026 08:52,19.5,305
26-02-2026 08:52,19.6,305
26-02-2026 08:52,19.6,305
26-02-2026 08:52,19.8,305
26-02-2026 08:52,19.8,305
26-02-2026 08:52,19.8,305
26-02-2026 08:52,19.9,305
26-02-2026 08:52,19.9,305
26-02-2026 08:52,20,305
26-02-2026 08:52,20,305
26-02-2026 08:52,20,305
26-02-2026 08:52,20.2,305
26-02-2026 08:52,20.2,305
26-02-2026 08:52,20.2,305
26-02-2026 08:52,20.4,305
26-02-2026 08:52,20.4,305
26-02-2026 08:52,20.4,305
26-02-2026 08:52,20.5,305
26-02-2026 08:52,20.5,305
26-02-2026 08:52,20.5,305
26-02-2026 08:52,20.7,305
26-02-2026 08:52,20.6,305
26-02-2026 08:52,20.7,305
26-02-2026 08:52,20.8,305
26-02-2026 08:52,20.7,305
26-02-2026 08:52,20.7,305
26-02-2026 08:52,20.8,305
26-02-2026 08:52,20.8,305
26-02-2026 08:52,21,305
26-02-2026 08:52,21,305
26-02-2026 08:52,21.1,305
26-02-2026 08:52,21,305
26-02-2026 08:52,21.2,305
26-02-2026 08:52,21.1,305
26-02-2026 08:52,21.1,305
26-02-2026 08:52,21.3,305
26-02-2026 08:52,21.3,305
26-02-2026 08:52,21.3,305
26-02-2026 08:52,21.4,305
26-02-2026 08:52,21.3,305
26-02-2026 08:52,21.5,305
26-02-2026 08:52,21.5,305
26-02-2026 08:52,21.5,305
26-02-2026 08:52,21.5,305
26-02-2026 08:52,21.5,305
26-02-2026 08:52,21.6,305
26-02-2026 08:52,21.6,305
26-02-2026 08:52,21.6,305
26-02-2026 08:53,21.8,305
26-02-2026 08:53,21.7,305
26-02-2026 08:53,21.7,305
26-02-2026 08:53,21.8,305
26-02-2026 08:53,21.8,305
26-02-2026 08:53,21.9,305
26-02-2026 08:53,21.7,305
26-02-2026 08:53,21.9,306
26-02-2026 08:53,22,305
26-02-2026 08:53,22,305
26-02-2026 08:53,21.9,305
26-02-2026 08:53,22,305
26-02-2026 08:53,22,305
26-02-2026 08:53,22,305
26-02-2026 08:53,22.1,305
26-02-2026 08:53,22.1,305
26-02-2026 08:53,22.2,305
26-02-2026 08:53,22.2,305
26-02-2026 08:53,22.2,305
26-02-2026 08:53,22.2,305
26-02-2026 08:53,22.2,305
26-02-2026 08:53,22.2,305
26-02-2026 08:53,22.3,305
26-02-2026 08:53,22.3,305
26-02-2026 08:53,22.3,305
26-02-2026 08:53,22.4,305
26-02-2026 08:53,22.4,305
26-02-2026 08:53,22.4,305
26-02-2026 08:53,22.5,305
26-02-2026 08:53,22.5,305
26-02-2026 08:53,22.4,305
26-02-2026 08:53,22.4,305
26-02-2026 08:53,22.5,305
26-02-2026 08:53,22.6,305
26-02-2026 08:53,22.6,305
26-02-2026 08:53,22.7,364
26-02-2026 08:53,22.9,377
26-02-2026 08:53,23.1,377
26-02-2026 08:53,23.3,393
26-02-2026 08:53,23.5,393
26-02-2026 08:53,23.8,393
26-02-2026 08:53,23.9,393
26-02-2026 08:53,24.1,393
26-02-2026 08:53,24.3,393
26-02-2026 08:53,24.5,393
26-02-2026 08:53,24.7,393
26-02-2026 08:53,24.9,393
26-02-2026 08:53,25.1,393
26-02-2026 08:53,25.3,393
26-02-2026 08:53,25.6,393
26-02-2026 08:53,25.7,393
26-02-2026 08:53,25.9,393
26-02-2026 08:53,26,393
26-02-2026 08:53,26.3,393
26-02-2026 08:53,26.4,393
26-02-2026 08:53,26.6,393
26-02-2026 08:53,26.8,393
26-02-2026 08:53,26.9,393
26-02-2026 08:53,27.2,393
26-02-2026 08:54,27.3,393
26-02-2026 08:54,27.5,393
26-02-2026 08:54,27.7,393
26-02-2026 08:54,27.9,393
26-02-2026 08:54,28,393
26-02-2026 08:54,28.1,393
26-02-2026 08:54,28.3,393
26-02-2026 08:54,28.5,393
26-02-2026 08:54,28.6,393
26-02-2026 08:54,28.6,393
26-02-2026 08:54,28.9,393
26-02-2026 08:54,29.1,393
26-02-2026 08:54,29.2,393
26-02-2026 08:54,29.4,393
26-02-2026 08:54,29.5,393
26-02-2026 08:54,29.6,393
26-02-2026 08:54,29.8,393
26-02-2026 08:54,30,393
26-02-2026 08:54,30.1,393
26-02-2026 08:54,30.2,393
26-02-2026 08:54,30.3,393
26-02-2026 08:54,30.4,393
26-02-2026 08:54,30.5,393
26-02-2026 08:54,30.7,393
26-02-2026 08:54,30.9,393
26-02-2026 08:54,30.9,393
26-02-2026 08:54,31,393
26-02-2026 08:54,31.3,393
26-02-2026 08:54,31.3,393
26-02-2026 08:54,31.5,393
26-02-2026 08:54,31.5,393
26-02-2026 08:54,31.5,393
26-02-2026 08:54,31.8,393
26-02-2026 08:54,31.8,393
26-02-2026 08:54,31.9,393
26-02-2026 08:54,32.1,393
26-02-2026 08:54,32.2,393
26-02-2026 08:54,32.3,393
26-02-2026 08:54,32.4,393
26-02-2026 08:54,32.5,393
26-02-2026 08:54,32.6,393
26-02-2026 08:54,32.6,393
26-02-2026 08:54,32.7,393
26-02-2026 08:54,32.8,393
26-02-2026 08:54,32.9,393
26-02-2026 08:54,33,393
26-02-2026 08:54,33.1,393
26-02-2026 08:54,33.2,393
26-02-2026 08:54,33.2,393
26-02-2026 08:54,33.3,393
26-02-2026 08:54,33.4,393
26-02-2026 08:54,33.6,393
26-02-2026 08:54,33.7,393
26-02-2026 08:54,33.8,393
26-02-2026 08:54,33.9,393
26-02-2026 08:54,33.8,393
26-02-2026 08:54,33.9,393
26-02-2026 08:54,34.1,393
26-02-2026 08:54,34.2,393
26-02-2026 08:55,34.3,393
26-02-2026 08:55,34.4,393
26-02-2026 08:55,34.4,393
26-02-2026 08:55,34.5,393
26-02-2026 08:55,34.5,393
26-02-2026 08:55,34.6,393
26-02-2026 08:55,34.7,393
26-02-2026 08:55,34.7,393
26-02-2026 08:55,34.9,393
26-02-2026 08:55,35,393
26-02-2026 08:55,35.1,393
26-02-2026 08:55,35.1,393
26-02-2026 08:55,35.2,393
26-02-2026 08:55,35.3,393
26-02-2026 08:55,35.3,393
26-02-2026 08:55,35.4,393
26-02-2026 08:55,35.4,393
26-02-2026 08:55,35.4,393
26-02-2026 08:55,35.5,393
26-02-2026 08:55,35.6,393
26-02-2026 08:55,35.6,393
26-02-2026 08:55,35.7,393
26-02-2026 08:55,35.7,393
26-02-2026 08:55,35.9,393
26-02-2026 08:55,35.9,393
26-02-2026 08:55,35.9,393
26-02-2026 08:55,35.9,393
26-02-2026 08:55,36.1,393
26-02-2026 08:55,36.1,393
26-02-2026 08:55,36.2,393
26-02-2026 08:55,36.3,393
26-02-2026 08:55,36.3,393
26-02-2026 08:55,36.4,393
26-02-2026 08:55,36.4,393
26-02-2026 08:55,36.4,393
26-02-2026 08:55,36.5,393
26-02-2026 08:55,36.6,393
26-02-2026 08:55,36.6,393
26-02-2026 08:55,36.7,393
26-02-2026 08:55,36.8,393
26-02-2026 08:55,36.8,393
26-02-2026 08:55,36.9,393
26-02-2026 08:55,36.9,393
26-02-2026 08:55,36.8,393
26-02-2026 08:55,36.9,393
26-02-2026 08:55,37,393
26-02-2026 08:55,37.1,393
26-02-2026 08:55,37.1,393
26-02-2026 08:55,37.2,393
26-02-2026 08:55,37.2,393
26-02-2026 08:55,37.2,393
26-02-2026 08:55,37.3,393
26-02-2026 08:55,37.5,393
26-02-2026 08:55,37.4,393
26-02-2026 08:55,37.4,393
26-02-2026 08:55,37.5,393
26-02-2026 08:55,37.6,393
26-02-2026 08:55,37.6,393
26-02-2026 08:56,37.6,393
26-02-2026 08:56,37.7,393
26-02-2026 08:56,37.5,393
26-02-2026 08:56,37.7,393
26-02-2026 08:56,37.8,393
26-02-2026 08:56,37.8,393
26-02-2026 08:56,37.8,393
26-02-2026 08:56,38,393
26-02-2026 08:56,38,393
26-02-2026 08:56,38,393
26-02-2026 08:56,37.9,393
26-02-2026 08:56,38,393
26-02-2026 08:56,38.1,393
26-02-2026 08:56,38,393
26-02-2026 08:56,38.2,393
26-02-2026 08:56,38.2,393
26-02-2026 08:56,38.2,393
26-02-2026 08:56,38.3,393
26-02-2026 08:56,38.2,393
26-02-2026 08:56,38.2,393
26-02-2026 08:56,38.4,393
26-02-2026 08:56,38.4,393
26-02-2026 08:56,38.4,393
26-02-2026 08:56,38.4,393
26-02-2026 08:56,38.4,393
26-02-2026 08:56,38.5,393
26-02-2026 08:56,38.5,393
26-02-2026 08:56,38.6,393
26-02-2026 08:56,38.5,393
26-02-2026 08:56,38.5,393
26-02-2026 08:56,38.6,393
26-02-2026 08:56,38.7,393
26-02-2026 08:56,38.6,393
26-02-2026 08:56,38.6,393
26-02-2026 08:56,38.6,393
26-02-2026 08:56,38.7,393
26-02-2026 08:56,38.7,393
26-02-2026 08:56,38.7,393
26-02-2026 08:56,38.8,393
26-02-2026 08:56,38.9,393
26-02-2026 08:56,38.7,393
26-02-2026 08:56,38.9,393
26-02-2026 08:56,38.9,393
26-02-2026 08:56,38.9,393
26-02-2026 08:56,38.9,393
26-02-2026 08:56,38.9,393
26-02-2026 08:56,39.1,393
26-02-2026 08:56,39,393
26-02-2026 08:56,39,393
26-02-2026 08:56,39.1,393
26-02-2026 08:56,39,393
26-02-2026 08:56,39.1,393
26-02-2026 08:56,39.1,393
26-02-2026 08:56,39.1,393
26-02-2026 08:56,39.2,393
26-02-2026 08:56,39.2,393
26-02-2026 08:56,39.2,393
26-02-2026 08:56,39.3,393
26-02-2026 08:56,39.3,393
26-02-2026 08:57,39.3,393
26-02-2026 08:57,39.3,393
26-02-2026 08:57,39.4,393
26-02-2026 08:57,39.5,393
26-02-2026 08:57,39.4,393
26-02-2026 08:57,39.4,393
26-02-2026 08:57,39.3,393
26-02-2026 08:57,39.4,393
26-02-2026 08:57,39.4,393
26-02-2026 08:57,39.5,393
26-02-2026 08:57,39.4,393
26-02-2026 08:57,39.4,393
26-02-2026 08:57,39.4,393
26-02-2026 08:57,39.5,393
26-02-2026 08:57,39.5,393
26-02-2026 08:57,39.5,393
26-02-2026 08:57,39.5,393
26-02-2026 08:57,39.5,393
26-02-2026 08:57,39.4,393
26-02-2026 08:57,39.6,393
26-02-2026 08:57,39.6,393
26-02-2026 08:57,39.6,393
26-02-2026 08:57,39.6,393
26-02-2026 08:57,39.7,393
26-02-2026 08:57,39.6,393
26-02-2026 08:57,39.6,393
26-02-2026 08:57,39.6,393
26-02-2026 08:57,39.6,393
26-02-2026 08:57,39.6,393
26-02-2026 08:57,39.7,393
26-02-2026 08:57,39.8,393
26-02-2026 08:57,39.7,393
26-02-2026 08:57,39.7,393
26-02-2026 08:57,39.8,393
26-02-2026 08:57,39.7,393
26-02-2026 08:57,39.8,393
26-02-2026 08:57,39.8,393
26-02-2026 08:57,39.9,393
26-02-2026 08:57,39.8,393
26-02-2026 08:57,39.8,393
26-02-2026 08:57,39.9,393
26-02-2026 08:57,39.9,393
26-02-2026 08:57,39.9,393
26-02-2026 08:57,39.9,393
26-02-2026 08:57,39.9,393
26-02-2026 08:57,40,393
26-02-2026 08:57,39.9,393
26-02-2026 08:57,40,393
26-02-2026 08:57,39.9,393
26-02-2026 08:57,40,393
26-02-2026 08:57,40.1,393
26-02-2026 08:57,40.1,393
26-02-2026 08:57,40,393
26-02-2026 08:57,39.9,393
26-02-2026 08:57,40,393
26-02-2026 08:57,40,393
26-02-2026 08:57,40,393
26-02-2026 08:57,40.1,393
26-02-2026 08:57,40.1,393
26-02-2026 08:58,40.1,393
26-02-2026 08:58,40.1,393
26-02-2026 08:58,40,393
26-02-2026 08:58,40.1,393
26-02-2026 08:58,40.2,393
26-02-2026 08:58,40.1,393
26-02-2026 08:58,40.2,393
26-02-2026 08:58,40.2,393
26-02-2026 08:58,40.2,393
26-02-2026 08:58,40.3,393
26-02-2026 08:58,40.1,393
26-02-2026 08:58,40.2,393
26-02-2026 08:58,40.2,393
26-02-2026 08:58,40.2,393
26-02-2026 08:58,40.2,393
26-02-2026 08:58,40.3,393
26-02-2026 08:58,40.2,393
26-02-2026 08:58,40.3,393
26-02-2026 08:58,40.3,393
26-02-2026 08:58,40.4,393
26-02-2026 08:58,40.3,393
26-02-2026 08:58,40.3,393
26-02-2026 08:58,40.3,393
26-02-2026 08:58,40.3,393
26-02-2026 08:58,40.3,393
26-02-2026 08:58,40.3,393
26-02-2026 08:58,40.3,393
26-02-2026 08:58,40.2,393
26-02-2026 08:58,40.3,393
26-02-2026 08:58,40.3,393
26-02-2026 08:58,40.4,393
26-02-2026 08:58,40.4,393
26-02-2026 08:58,40.4,393
26-02-2026 08:58,40.4,393
26-02-2026 08:58,40.3,393
26-02-2026 08:58,40.4,393
26-02-2026 08:58,40.4,393
26-02-2026 08:58,40.4,393
26-02-2026 08:58,40.4,393
26-02-2026 08:58,40.4,393
26-02-2026 08:58,40.4,393
26-02-2026 08:58,40.4,393
26-02-2026 08:58,40.4,393
26-02-2026 08:58,40.4,393
26-02-2026 08:58,40.4,393
26-02-2026 08:58,40.3,393
26-02-2026 08:58,40.4,393
26-02-2026 08:58,40.4,393
26-02-2026 08:58,40.4,393
26-02-2026 08:58,40.4,393
26-02-2026 08:58,40.5,393
26-02-2026 08:58,40.5,393
26-02-2026 08:58,40.6,393
26-02-2026 08:58,40.5,393
26-02-2026 08:58,40.6,393
26-02-2026 08:58,40.5,393
26-02-2026 08:58,40.6,393
26-02-2026 08:58,40.5,393
26-02-2026 08:59,40.5,393
26-02-2026 08:59,40.5,393
26-02-2026 08:59,40.6,393
26-02-2026 08:59,40.6,393
26-02-2026 08:59,40.5,393
26-02-2026 08:59,40.6,393
26-02-2026 08:59,40.4,393
26-02-2026 08:59,40.6,393
26-02-2026 08:59,40.6,393
26-02-2026 08:59,40.5,393
26-02-2026 08:59,40.6,393
26-02-2026 08:59,40.6,393
26-02-2026 08:59,40.6,393
26-02-2026 08:59,40.7,393
26-02-2026 08:59,40.6,393
26-02-2026 08:59,40.7,393
26-02-2026 08:59,40.6,393
26-02-2026 08:59,40.6,393
26-02-2026 08:59,40.7,393
26-02-2026 08:59,40.6,393
26-02-2026 08:59,40.7,393
26-02-2026 08:59,40.6,393
26-02-2026 08:59,40.6,393
26-02-2026 08:59,40.6,393
26-02-2026 08:59,40.6,393
26-02-2026 08:59,40.6,393
26-02-2026 08:59,40.6,393
26-02-2026 08:59,40.6,393
26-02-2026 08:59,40.6,393
26-02-2026 08:59,40.6,393
26-02-2026 08:59,40.7,393
26-02-2026 08:59,40.7,393
26-02-2026 08:59,40.7,393
26-02-2026 08:59,40.7,393
26-02-2026 08:59,40.7,393
26-02-2026 08:59,40.7,393
26-02-2026 08:59,40.7,393
26-02-2026 08:59,40.6,393
26-02-2026 08:59,40.7,393
26-02-2026 08:59,40.7,393
26-02-2026 08:59,40.8,393
26-02-2026 08:59,40.9,393
26-02-2026 08:59,40.7,393
26-02-2026 08:59,40.6,393
26-02-2026 08:59,40.7,393
26-02-2026 08:59,40.7,393
26-02-2026 08:59,40.7,393
26-02-2026 08:59,40.7,393
26-02-2026 08:59,40.8,393
26-02-2026 08:59,40.8,393
26-02-2026 08:59,40.8,393
26-02-2026 08:59,40.7,393
26-02-2026 08:59,40.8,393
26-02-2026 08:59,40.8,393
26-02-2026 08:59,40.7,393
26-02-2026 08:59,40.8,393
26-02-2026 08:59,40.9,393
26-02-2026 08:59,40.9,393
26-02-2026 08:59,40.7,393
26-02-2026 09:00,40.8,393
26-02-2026 09:00,40.8,393
26-02-2026 09:00,40.8,393
26-02-2026 09:00,40.7,393
26-02-2026 09:00,40.8,393
26-02-2026 09:00,40.8,393
26-02-2026 09:00,40.8,393
26-02-2026 09:00,40.9,393
26-02-2026 09:00,40.9,393
26-02-2026 09:00,40.9,393
26-02-2026 09:00,40.8,393
26-02-2026 09:00,40.8,393
26-02-2026 09:00,40.7,393
26-02-2026 09:00,40.7,393
26-02-2026 09:00,40.9,393
26-02-2026 09:00,40.9,393
26-02-2026 09:00,40.8,393
26-02-2026 09:00,40.9,393
26-02-2026 09:00,40.8,393
26-02-2026 09:00,40.8,393
26-02-2026 09:00,40.9,393
26-02-2026 09:00,40.7,393
26-02-2026 09:00,40.9,393
26-02-2026 09:00,40.9,393
26-02-2026 09:00,40.9,393
26-02-2026 09:00,40.9,393
26-02-2026 09:00,40.9,393
26-02-2026 09:00,40.9,393
26-02-2026 09:00,40.8,393
26-02-2026 09:00,40.8,393
26-02-2026 09:00,40.9,393
26-02-2026 09:00,41,393
26-02-2026 09:00,40.9,393
26-02-2026 09:00,41,393
26-02-2026 09:00,40.9,393
26-02-2026 09:00,40.9,393
26-02-2026 09:00,40.9,393
26-02-2026 09:00,40.8,393
26-02-2026 09:00,40.9,393
26-02-2026 09:00,40.9,393
26-02-2026 09:00,40.9,393
26-02-2026 09:00,40.8,393
26-02-2026 09:00,40.8,393
26-02-2026 09:00,40.8,393
26-02-2026 09:00,40.8,393
26-02-2026 09:00,40.8,393
26-02-2026 09:00,40.9,393
26-02-2026 09:00,40.9,393
26-02-2026 09:00,40.9,393
26-02-2026 09:00,40.8,393
26-02-2026 09:00,40.8,393
26-02-2026 09:00,40.9,393
26-02-2026 09:00,40.8,393
26-02-2026 09:00,40.8,393
26-02-2026 09:00,40.9,393
26-02-2026 09:00,40.9,393
26-02-2026 09:00,41,393
26-02-2026 09:00,41,393
26-02-2026 09:00,41,393
26-02-2026 09:01,40.9,393
26-02-2026 09:01,41,393
26-02-2026 09:01,40.9,393
26-02-2026 09:01,40.9,393
26-02-2026 09:01,40.9,393
26-02-2026 09:01,40.9,393
26-02-2026 09:01,40.9,393
26-02-2026 09:01,40.8,393
26-02-2026 09:01,40.8,393
26-02-2026 09:01,41,393
26-02-2026 09:01,40.9,393
26-02-2026 09:01,40.9,393
26-02-2026 09:01,40.9,393
26-02-2026 09:01,40.9,393
26-02-2026 09:01,40.8,393
26-02-2026 09:01,40.9,393
26-02-2026 09:01,41,393
26-02-2026 09:01,40.9,393
26-02-2026 09:01,40.9,393
26-02-2026 09:01,41,393
26-02-2026 09:01,40.9,393
26-02-2026 09:01,40.9,393
26-02-2026 09:01,40.8,393
26-02-2026 09:01,40.9,393
26-02-2026 09:01,40.9,393
26-02-2026 09:01,40.9,393
26-02-2026 09:01,40.8,393
26-02-2026 09:01,40.9,393
26-02-2026 09:01,40.9,393
26-02-2026 09:01,40.9,393
26-02-2026 09:01,40.9,393
26-02-2026 09:01,40.9,393
26-02-2026 09:01,40.9,393
26-02-2026 09:01,40.8,393
26-02-2026 09:01,40.8,393
26-02-2026 09:01,40.9,393
26-02-2026 09:01,41,393
26-02-2026 09:01,41,393
26-02-2026 09:01,41,393
26-02-2026 09:01,40.9,393
26-02-2026 09:01,40.9,393
26-02-2026 09:01,40.8,393
26-02-2026 09:01,40.9,393
26-02-2026 09:01,41,393
26-02-2026 09:01,40.9,393
26-02-2026 09:01,41,393
26-02-2026 09:01,40.9,393
26-02-2026 09:01,40.9,393
26-02-2026 09:01,40.9,393
26-02-2026 09:01,40.9,393
26-02-2026 09:01,40.9,393
26-02-2026 09:01,41,393
26-02-2026 09:01,40.8,393
26-02-2026 09:01,41,393
26-02-2026 09:01,40.9,393
26-02-2026 09:01,40.9,393
26-02-2026 09:01,41,393
26-02-2026 09:01,40.9,393
26-02-2026 09:01,40.9,393
26-02-2026 09:02,40.9,393
26-02-2026 09:02,40.9,393
26-02-2026 09:02,41,393
26-02-2026 09:02,41,393
26-02-2026 09:02,41,393
26-02-2026 09:02,41,393
26-02-2026 09:02,40.8,393
26-02-2026 09:02,41,393
26-02-2026 09:02,41,393
26-02-2026 09:02,40.9,393
26-02-2026 09:02,41,393
26-02-2026 09:02,41,393
26-02-2026 09:02,40.9,393
26-02-2026 09:02,41,393
26-02-2026 09:02,40.9,393
26-02-2026 09:02,40.9,393
26-02-2026 09:02,41,393
26-02-2026 09:02,41,393
26-02-2026 09:02,41,392
26-02-2026 09:02,40.9,393
26-02-2026 09:02,41,393
26-02-2026 09:02,41,393
26-02-2026 09:02,41,393
26-02-2026 09:02,41,393
26-02-2026 09:02,41,393
26-02-2026 09:02,40.9,393
26-02-2026 09:02,40.9,392
26-02-2026 09:02,41,393
26-02-2026 09:02,40.8,393
